[2026-06-12 00:23:03] local.ERROR: Please provide a valid cache path. {"exception":"[object] (InvalidArgumentException(code: 0): Please provide a valid cache path. at C:\\xampp\\htdocs\\LaravelLuminaries-StaySwift-Hotel-Reservation-Application\\vendor\\laravel\\framework\\src\\Illuminate\\View\\Compilers\\Compiler.php:67)
[stacktrace]
#0 C:\\xampp\\htdocs\\LaravelLuminaries-StaySwift-Hotel-Reservation-Application\\vendor\\laravel\\framework\\src\\Illuminate\\View\\ViewServiceProvider.php(96): Illuminate\\View\\Compilers\\Compiler->__construct(Object(Illuminate\\Filesystem\\Filesystem), false, '', true, 'php')
#1 C:\\xampp\\htdocs\\LaravelLuminaries-StaySwift-Hotel-Reservation-Application\\vendor\\laravel\\framework\\src\\Illuminate\\Container\\Container.php(908): Illuminate\\View\\ViewServiceProvider->Illuminate\\View\\{closure}(Object(Illuminate\\Foundation\\Application), Array)
#2 C:\\xampp\\htdocs\\LaravelLuminaries-StaySwift-Hotel-Reservation-Application\\vendor\\laravel\\framework\\src\\Illuminate\\Container\\Container.php(795): Illuminate\\Container\\Container->build(Object(Closure))
#3 C:\\xampp\\htdocs\\LaravelLuminaries-StaySwift-Hotel-Reservation-Application\\vendor\\laravel\\framework\\src\\Illuminate\\Foundation\\Application.php(957): Illuminate\\Container\\Container->resolve('blade.compiler', Array, true)
#4 C:\\xampp\\htdocs\\LaravelLuminaries-StaySwift-Hotel-Reservation-Application\\vendor\\laravel\\framework\\src\\Illuminate\\Container\\Container.php(731): Illuminate\\Foundation\\Application->resolve('blade.compiler', Array)
#5 C:\\xampp\\htdocs\\LaravelLuminaries-StaySwift-Hotel-Reservation-Application\\vendor\\laravel\\framework\\src\\Illuminate\\Foundation\\Application.php(942): Illuminate\\Container\\Container->make('blade.compiler', Array)
#6 C:\\xampp\\htdocs\\LaravelLuminaries-StaySwift-Hotel-Reservation-Application\\vendor\\laravel\\framework\\src\\Illuminate\\Container\\Container.php(1454): Illuminate\\Foundation\\Application->make('blade.compiler')
#7 C:\\xampp\\htdocs\\LaravelLuminaries-StaySwift-Hotel-Reservation-Application\\vendor\\laravel\\framework\\src\\Illuminate\\View\\ViewServiceProvider.php(164): Illuminate\\Container\\Container->offsetGet('blade.compiler')
#8 [internal function]: Illuminate\\View\\ViewServiceProvider->Illuminate\\View\\{closure}()
#9 C:\\xampp\\htdocs\\LaravelLuminaries-StaySwift-Hotel-Reservation-Application\\vendor\\laravel\\framework\\src\\Illuminate\\View\\Engines\\EngineResolver.php(55): call_user_func(Object(Closure))
#10 C:\\xampp\\htdocs\\LaravelLuminaries-StaySwift-Hotel-Reservation-Application\\vendor\\laravel\\framework\\src\\Illuminate\\View\\Factory.php(310): Illuminate\\View\\Engines\\EngineResolver->resolve('blade')
#11 C:\\xampp\\htdocs\\LaravelLuminaries-StaySwift-Hotel-Reservation-Application\\vendor\\laravel\\framework\\src\\Illuminate\\View\\Factory.php(274): Illuminate\\View\\Factory->getEngineFromPath('C:\\\\xampp\\\\htdocs...')
#12 C:\\xampp\\htdocs\\LaravelLuminaries-StaySwift-Hotel-Reservation-Application\\vendor\\laravel\\framework\\src\\Illuminate\\View\\Factory.php(146): Illuminate\\View\\Factory->viewInstance('home', 'C:\\\\xampp\\\\htdocs...', Array)
#13 C:\\xampp\\htdocs\\LaravelLuminaries-StaySwift-Hotel-Reservation-Application\\vendor\\laravel\\framework\\src\\Illuminate\\Foundation\\helpers.php(1020): Illuminate\\View\\Factory->make('home', Array, Array)
#14 C:\\xampp\\htdocs\\LaravelLuminaries-StaySwift-Hotel-Reservation-Application\\app\\Http\\Controllers\\Home.php(11): view('home')
#15 C:\\xampp\\htdocs\\LaravelLuminaries-StaySwift-Hotel-Reservation-Application\\vendor\\laravel\\framework\\src\\Illuminate\\Routing\\Controller.php(54): App\\Http\\Controllers\\Home->harborView()
#16 C:\\xampp\\htdocs\\LaravelLuminaries-StaySwift-Hotel-Reservation-Application\\vendor\\laravel\\framework\\src\\Illuminate\\Routing\\ControllerDispatcher.php(43): Illuminate\\Routing\\Controller->callAction('harborView', Array)
#17 C:\\xampp\\htdocs\\LaravelLuminaries-StaySwift-Hotel-Reservation-Application\\vendor\\laravel\\framework\\src\\Illuminate\\Routing\\Route.php(259): Illuminate\\Routing\\ControllerDispatcher->dispatch(Object(Illuminate\\Routing\\Route), Object(App\\Http\\Controllers\\Home), 'harborView')
#18 C:\\xampp\\htdocs\\LaravelLuminaries-StaySwift-Hotel-Reservation-Application\\vendor\\laravel\\framework\\src\\Illuminate\\Routing\\Route.php(205): Illuminate\\Routing\\Route->runController()
#19 C:\\xampp\\htdocs\\LaravelLuminaries-StaySwift-Hotel-Reservation-Application\\vendor\\laravel\\framework\\src\\Illuminate\\Routing\\Router.php(806): Illuminate\\Routing\\Route->run()
#20 C:\\xampp\\htdocs\\LaravelLuminaries-StaySwift-Hotel-Reservation-Application\\vendor\\laravel\\framework\\src\\Illuminate\\Pipeline\\Pipeline.php(144): Illuminate\\Routing\\Router->Illuminate\\Routing\\{closure}(Object(Illuminate\\Http\\Request))
#21 C:\\xampp\\htdocs\\LaravelLuminaries-StaySwift-Hotel-Reservation-Application\\vendor\\laravel\\framework\\src\\Illuminate\\Routing\\Middleware\\SubstituteBindings.php(50): Illuminate\\Pipeline\\Pipeline->Illuminate\\Pipeline\\{closure}(Object(Illuminate\\Http\\Request))
#22 C:\\xampp\\htdocs\\LaravelLuminaries-StaySwift-Hotel-Reservation-Application\\vendor\\laravel\\framework\\src\\Illuminate\\Pipeline\\Pipeline.php(183): Illuminate\\Routing\\Middleware\\SubstituteBindings->handle(Object(Illuminate\\Http\\Request), Object(Closure))
#23 C:\\xampp\\htdocs\\LaravelLuminaries-StaySwift-Hotel-Reservation-Application\\vendor\\laravel\\framework\\src\\Illuminate\\Foundation\\Http\\Middleware\\VerifyCsrfToken.php(78): Illuminate\\Pipeline\\Pipeline->Illuminate\\Pipeline\\{closure}(Object(Illuminate\\Http\\Request))
#24 C:\\xampp\\htdocs\\LaravelLuminaries-StaySwift-Hotel-Reservation-Application\\vendor\\laravel\\framework\\src\\Illuminate\\Pipeline\\Pipeline.php(183): Illuminate\\Foundation\\Http\\Middleware\\VerifyCsrfToken->handle(Object(Illuminate\\Http\\Request), Object(Closure))
#25 C:\\xampp\\htdocs\\LaravelLuminaries-StaySwift-Hotel-Reservation-Application\\vendor\\laravel\\framework\\src\\Illuminate\\View\\Middleware\\ShareErrorsFromSession.php(49): Illuminate\\Pipeline\\Pipeline->Illuminate\\Pipeline\\{closure}(Object(Illuminate\\Http\\Request))
#26 C:\\xampp\\htdocs\\LaravelLuminaries-StaySwift-Hotel-Reservation-Application\\vendor\\laravel\\framework\\src\\Illuminate\\Pipeline\\Pipeline.php(183): Illuminate\\View\\Middleware\\ShareErrorsFromSession->handle(Object(Illuminate\\Http\\Request), Object(Closure))
#27 C:\\xampp\\htdocs\\LaravelLuminaries-StaySwift-Hotel-Reservation-Application\\vendor\\laravel\\framework\\src\\Illuminate\\Session\\Middleware\\StartSession.php(121): Illuminate\\Pipeline\\Pipeline->Illuminate\\Pipeline\\{closure}(Object(Illuminate\\Http\\Request))
#28 C:\\xampp\\htdocs\\LaravelLuminaries-StaySwift-Hotel-Reservation-Application\\vendor\\laravel\\framework\\src\\Illuminate\\Session\\Middleware\\StartSession.php(64): Illuminate\\Session\\Middleware\\StartSession->handleStatefulRequest(Object(Illuminate\\Http\\Request), Object(Illuminate\\Session\\Store), Object(Closure))
#29 C:\\xampp\\htdocs\\LaravelLuminaries-StaySwift-Hotel-Reservation-Application\\vendor\\laravel\\framework\\src\\Illuminate\\Pipeline\\Pipeline.php(183): Illuminate\\Session\\Middleware\\StartSession->handle(Object(Illuminate\\Http\\Request), Object(Closure))
#30 C:\\xampp\\htdocs\\LaravelLuminaries-StaySwift-Hotel-Reservation-Application\\vendor\\laravel\\framework\\src\\Illuminate\\Cookie\\Middleware\\AddQueuedCookiesToResponse.php(37): Illuminate\\Pipeline\\Pipeline->Illuminate\\Pipeline\\{closure}(Object(Illuminate\\Http\\Request))
#31 C:\\xampp\\htdocs\\LaravelLuminaries-StaySwift-Hotel-Reservation-Application\\vendor\\laravel\\framework\\src\\Illuminate\\Pipeline\\Pipeline.php(183): Illuminate\\Cookie\\Middleware\\AddQueuedCookiesToResponse->handle(Object(Illuminate\\Http\\Request), Object(Closure))
#32 C:\\xampp\\htdocs\\LaravelLuminaries-StaySwift-Hotel-Reservation-Application\\vendor\\laravel\\framework\\src\\Illuminate\\Cookie\\Middleware\\EncryptCookies.php(67): Illuminate\\Pipeline\\Pipeline->Illuminate\\Pipeline\\{closure}(Object(Illuminate\\Http\\Request))
#33 C:\\xampp\\htdocs\\LaravelLuminaries-StaySwift-Hotel-Reservation-Application\\vendor\\laravel\\framework\\src\\Illuminate\\Pipeline\\Pipeline.php(183): Illuminate\\Cookie\\Middleware\\EncryptCookies->handle(Object(Illuminate\\Http\\Request), Object(Closure))
#34 C:\\xampp\\htdocs\\LaravelLuminaries-StaySwift-Hotel-Reservation-Application\\vendor\\laravel\\framework\\src\\Illuminate\\Pipeline\\Pipeline.php(119): Illuminate\\Pipeline\\Pipeline->Illuminate\\Pipeline\\{closure}(Object(Illuminate\\Http\\Request))
#35 C:\\xampp\\htdocs\\LaravelLuminaries-StaySwift-Hotel-Reservation-Application\\vendor\\laravel\\framework\\src\\Illuminate\\Routing\\Router.php(805): Illuminate\\Pipeline\\Pipeline->then(Object(Closure))
#36 C:\\xampp\\htdocs\\LaravelLuminaries-StaySwift-Hotel-Reservation-Application\\vendor\\laravel\\framework\\src\\Illuminate\\Routing\\Router.php(784): Illuminate\\Routing\\Router->runRouteWithinStack(Object(Illuminate\\Routing\\Route), Object(Illuminate\\Http\\Request))
#37 C:\\xampp\\htdocs\\LaravelLuminaries-StaySwift-Hotel-Reservation-Application\\vendor\\laravel\\framework\\src\\Illuminate\\Routing\\Router.php(748): Illuminate\\Routing\\Router->runRoute(Object(Illuminate\\Http\\Request), Object(Illuminate\\Routing\\Route))
#38 C:\\xampp\\htdocs\\LaravelLuminaries-StaySwift-Hotel-Reservation-Application\\vendor\\laravel\\framework\\src\\Illuminate\\Routing\\Router.php(737): Illuminate\\Routing\\Router->dispatchToRoute(Object(Illuminate\\Http\\Request))
#39 C:\\xampp\\htdocs\\LaravelLuminaries-StaySwift-Hotel-Reservation-Application\\vendor\\laravel\\framework\\src\\Illuminate\\Foundation\\Http\\Kernel.php(200): Illuminate\\Routing\\Router->dispatch(Object(Illuminate\\Http\\Request))
#40 C:\\xampp\\htdocs\\LaravelLuminaries-StaySwift-Hotel-Reservation-Application\\vendor\\laravel\\framework\\src\\Illuminate\\Pipeline\\Pipeline.php(144): Illuminate\\Foundation\\Http\\Kernel->Illuminate\\Foundation\\Http\\{closure}(Object(Illuminate\\Http\\Request))
#41 C:\\xampp\\htdocs\\LaravelLuminaries-StaySwift-Hotel-Reservation-Application\\vendor\\laravel\\framework\\src\\Illuminate\\Foundation\\Http\\Middleware\\TransformsRequest.php(21): Illuminate\\Pipeline\\Pipeline->Illuminate\\Pipeline\\{closure}(Object(Illuminate\\Http\\Request))
#42 C:\\xampp\\htdocs\\LaravelLuminaries-StaySwift-Hotel-Reservation-Application\\vendor\\laravel\\framework\\src\\Illuminate\\Foundation\\Http\\Middleware\\ConvertEmptyStringsToNull.php(31): Illuminate\\Foundation\\Http\\Middleware\\TransformsRequest->handle(Object(Illuminate\\Http\\Request), Object(Closure))
#43 C:\\xampp\\htdocs\\LaravelLuminaries-StaySwift-Hotel-Reservation-Application\\vendor\\laravel\\framework\\src\\Illuminate\\Pipeline\\Pipeline.php(183): Illuminate\\Foundation\\Http\\Middleware\\ConvertEmptyStringsToNull->handle(Object(Illuminate\\Http\\Request), Object(Closure))
#44 C:\\xampp\\htdocs\\LaravelLuminaries-StaySwift-Hotel-Reservation-Application\\vendor\\laravel\\framework\\src\\Illuminate\\Foundation\\Http\\Middleware\\TransformsRequest.php(21): Illuminate\\Pipeline\\Pipeline->Illuminate\\Pipeline\\{closure}(Object(Illuminate\\Http\\Request))
#45 C:\\xampp\\htdocs\\LaravelLuminaries-StaySwift-Hotel-Reservation-Application\\vendor\\laravel\\framework\\src\\Illuminate\\Foundation\\Http\\Middleware\\TrimStrings.php(40): Illuminate\\Foundation\\Http\\Middleware\\TransformsRequest->handle(Object(Illuminate\\Http\\Request), Object(Closure))
#46 C:\\xampp\\htdocs\\LaravelLuminaries-StaySwift-Hotel-Reservation-Application\\vendor\\laravel\\framework\\src\\Illuminate\\Pipeline\\Pipeline.php(183): Illuminate\\Foundation\\Http\\Middleware\\TrimStrings->handle(Object(Illuminate\\Http\\Request), Object(Closure))
#47 C:\\xampp\\htdocs\\LaravelLuminaries-StaySwift-Hotel-Reservation-Application\\vendor\\laravel\\framework\\src\\Illuminate\\Foundation\\Http\\Middleware\\ValidatePostSize.php(27): Illuminate\\Pipeline\\Pipeline->Illuminate\\Pipeline\\{closure}(Object(Illuminate\\Http\\Request))
#48 C:\\xampp\\htdocs\\LaravelLuminaries-StaySwift-Hotel-Reservation-Application\\vendor\\laravel\\framework\\src\\Illuminate\\Pipeline\\Pipeline.php(183): Illuminate\\Foundation\\Http\\Middleware\\ValidatePostSize->handle(Object(Illuminate\\Http\\Request), Object(Closure))
#49 C:\\xampp\\htdocs\\LaravelLuminaries-StaySwift-Hotel-Reservation-Application\\vendor\\laravel\\framework\\src\\Illuminate\\Foundation\\Http\\Middleware\\PreventRequestsDuringMaintenance.php(99): Illuminate\\Pipeline\\Pipeline->Illuminate\\Pipeline\\{closure}(Object(Illuminate\\Http\\Request))
#50 C:\\xampp\\htdocs\\LaravelLuminaries-StaySwift-Hotel-Reservation-Application\\vendor\\laravel\\framework\\src\\Illuminate\\Pipeline\\Pipeline.php(183): Illuminate\\Foundation\\Http\\Middleware\\PreventRequestsDuringMaintenance->handle(Object(Illuminate\\Http\\Request), Object(Closure))
#51 C:\\xampp\\htdocs\\LaravelLuminaries-StaySwift-Hotel-Reservation-Application\\vendor\\laravel\\framework\\src\\Illuminate\\Http\\Middleware\\HandleCors.php(49): Illuminate\\Pipeline\\Pipeline->Illuminate\\Pipeline\\{closure}(Object(Illuminate\\Http\\Request))
#52 C:\\xampp\\htdocs\\LaravelLuminaries-StaySwift-Hotel-Reservation-Application\\vendor\\laravel\\framework\\src\\Illuminate\\Pipeline\\Pipeline.php(183): Illuminate\\Http\\Middleware\\HandleCors->handle(Object(Illuminate\\Http\\Request), Object(Closure))
#53 C:\\xampp\\htdocs\\LaravelLuminaries-StaySwift-Hotel-Reservation-Application\\vendor\\laravel\\framework\\src\\Illuminate\\Http\\Middleware\\TrustProxies.php(39): Illuminate\\Pipeline\\Pipeline->Illuminate\\Pipeline\\{closure}(Object(Illuminate\\Http\\Request))
#54 C:\\xampp\\htdocs\\LaravelLuminaries-StaySwift-Hotel-Reservation-Application\\vendor\\laravel\\framework\\src\\Illuminate\\Pipeline\\Pipeline.php(183): Illuminate\\Http\\Middleware\\TrustProxies->handle(Object(Illuminate\\Http\\Request), Object(Closure))
#55 C:\\xampp\\htdocs\\LaravelLuminaries-StaySwift-Hotel-Reservation-Application\\vendor\\laravel\\framework\\src\\Illuminate\\Pipeline\\Pipeline.php(119): Illuminate\\Pipeline\\Pipeline->Illuminate\\Pipeline\\{closure}(Object(Illuminate\\Http\\Request))
#56 C:\\xampp\\htdocs\\LaravelLuminaries-StaySwift-Hotel-Reservation-Application\\vendor\\laravel\\framework\\src\\Illuminate\\Foundation\\Http\\Kernel.php(175): Illuminate\\Pipeline\\Pipeline->then(Object(Closure))
#57 C:\\xampp\\htdocs\\LaravelLuminaries-StaySwift-Hotel-Reservation-Application\\vendor\\laravel\\framework\\src\\Illuminate\\Foundation\\Http\\Kernel.php(144): Illuminate\\Foundation\\Http\\Kernel->sendRequestThroughRouter(Object(Illuminate\\Http\\Request))
#58 C:\\xampp\\htdocs\\LaravelLuminaries-StaySwift-Hotel-Reservation-Application\\public\\index.php(51): Illuminate\\Foundation\\Http\\Kernel->handle(Object(Illuminate\\Http\\Request))
#59 C:\\xampp\\htdocs\\LaravelLuminaries-StaySwift-Hotel-Reservation-Application\\vendor\\laravel\\framework\\src\\Illuminate\\Foundation\\resources\\server.php(16): require_once('C:\\\\xampp\\\\htdocs...')
#60 {main}
"} 
[2026-06-12 00:23:03] local.ERROR: file_put_contents(C:\xampp\htdocs\LaravelLuminaries-StaySwift-Hotel-Reservation-Application\storage\framework/sessions/EupCpu8cJfqPBUoSHbk6Auy2mKwtbooUvGBU26zG): Failed to open stream: No such file or directory {"exception":"[object] (ErrorException(code: 0): file_put_contents(C:\\xampp\\htdocs\\LaravelLuminaries-StaySwift-Hotel-Reservation-Application\\storage\\framework/sessions/EupCpu8cJfqPBUoSHbk6Auy2mKwtbooUvGBU26zG): Failed to open stream: No such file or directory at C:\\xampp\\htdocs\\LaravelLuminaries-StaySwift-Hotel-Reservation-Application\\vendor\\laravel\\framework\\src\\Illuminate\\Filesystem\\Filesystem.php:205)
[stacktrace]
#0 C:\\xampp\\htdocs\\LaravelLuminaries-StaySwift-Hotel-Reservation-Application\\vendor\\laravel\\framework\\src\\Illuminate\\Foundation\\Bootstrap\\HandleExceptions.php(255): Illuminate\\Foundation\\Bootstrap\\HandleExceptions->handleError(2, 'file_put_conten...', 'C:\\\\xampp\\\\htdocs...', 205)
#1 [internal function]: Illuminate\\Foundation\\Bootstrap\\HandleExceptions->Illuminate\\Foundation\\Bootstrap\\{closure}(2, 'file_put_conten...', 'C:\\\\xampp\\\\htdocs...', 205)
#2 C:\\xampp\\htdocs\\LaravelLuminaries-StaySwift-Hotel-Reservation-Application\\vendor\\laravel\\framework\\src\\Illuminate\\Filesystem\\Filesystem.php(205): file_put_contents('C:\\\\xampp\\\\htdocs...', 'a:3:{s:6:\"_toke...', 2)
#3 C:\\xampp\\htdocs\\LaravelLuminaries-StaySwift-Hotel-Reservation-Application\\vendor\\laravel\\framework\\src\\Illuminate\\Session\\FileSessionHandler.php(90): Illuminate\\Filesystem\\Filesystem->put('C:\\\\xampp\\\\htdocs...', 'a:3:{s:6:\"_toke...', true)
#4 C:\\xampp\\htdocs\\LaravelLuminaries-StaySwift-Hotel-Reservation-Application\\vendor\\laravel\\framework\\src\\Illuminate\\Session\\Store.php(172): Illuminate\\Session\\FileSessionHandler->write('EupCpu8cJfqPBUo...', 'a:3:{s:6:\"_toke...')
#5 C:\\xampp\\htdocs\\LaravelLuminaries-StaySwift-Hotel-Reservation-Application\\vendor\\laravel\\framework\\src\\Illuminate\\Session\\Middleware\\StartSession.php(245): Illuminate\\Session\\Store->save()
#6 C:\\xampp\\htdocs\\LaravelLuminaries-StaySwift-Hotel-Reservation-Application\\vendor\\laravel\\framework\\src\\Illuminate\\Session\\Middleware\\StartSession.php(130): Illuminate\\Session\\Middleware\\StartSession->saveSession(Object(Illuminate\\Http\\Request))
#7 C:\\xampp\\htdocs\\LaravelLuminaries-StaySwift-Hotel-Reservation-Application\\vendor\\laravel\\framework\\src\\Illuminate\\Session\\Middleware\\StartSession.php(64): Illuminate\\Session\\Middleware\\StartSession->handleStatefulRequest(Object(Illuminate\\Http\\Request), Object(Illuminate\\Session\\Store), Object(Closure))
#8 C:\\xampp\\htdocs\\LaravelLuminaries-StaySwift-Hotel-Reservation-Application\\vendor\\laravel\\framework\\src\\Illuminate\\Pipeline\\Pipeline.php(183): Illuminate\\Session\\Middleware\\StartSession->handle(Object(Illuminate\\Http\\Request), Object(Closure))
#9 C:\\xampp\\htdocs\\LaravelLuminaries-StaySwift-Hotel-Reservation-Application\\vendor\\laravel\\framework\\src\\Illuminate\\Cookie\\Middleware\\AddQueuedCookiesToResponse.php(37): Illuminate\\Pipeline\\Pipeline->Illuminate\\Pipeline\\{closure}(Object(Illuminate\\Http\\Request))
#10 C:\\xampp\\htdocs\\LaravelLuminaries-StaySwift-Hotel-Reservation-Application\\vendor\\laravel\\framework\\src\\Illuminate\\Pipeline\\Pipeline.php(183): Illuminate\\Cookie\\Middleware\\AddQueuedCookiesToResponse->handle(Object(Illuminate\\Http\\Request), Object(Closure))
#11 C:\\xampp\\htdocs\\LaravelLuminaries-StaySwift-Hotel-Reservation-Application\\vendor\\laravel\\framework\\src\\Illuminate\\Cookie\\Middleware\\EncryptCookies.php(67): Illuminate\\Pipeline\\Pipeline->Illuminate\\Pipeline\\{closure}(Object(Illuminate\\Http\\Request))
#12 C:\\xampp\\htdocs\\LaravelLuminaries-StaySwift-Hotel-Reservation-Application\\vendor\\laravel\\framework\\src\\Illuminate\\Pipeline\\Pipeline.php(183): Illuminate\\Cookie\\Middleware\\EncryptCookies->handle(Object(Illuminate\\Http\\Request), Object(Closure))
#13 C:\\xampp\\htdocs\\LaravelLuminaries-StaySwift-Hotel-Reservation-Application\\vendor\\laravel\\framework\\src\\Illuminate\\Pipeline\\Pipeline.php(119): Illuminate\\Pipeline\\Pipeline->Illuminate\\Pipeline\\{closure}(Object(Illuminate\\Http\\Request))
#14 C:\\xampp\\htdocs\\LaravelLuminaries-StaySwift-Hotel-Reservation-Application\\vendor\\laravel\\framework\\src\\Illuminate\\Routing\\Router.php(805): Illuminate\\Pipeline\\Pipeline->then(Object(Closure))
#15 C:\\xampp\\htdocs\\LaravelLuminaries-StaySwift-Hotel-Reservation-Application\\vendor\\laravel\\framework\\src\\Illuminate\\Routing\\Router.php(784): Illuminate\\Routing\\Router->runRouteWithinStack(Object(Illuminate\\Routing\\Route), Object(Illuminate\\Http\\Request))
#16 C:\\xampp\\htdocs\\LaravelLuminaries-StaySwift-Hotel-Reservation-Application\\vendor\\laravel\\framework\\src\\Illuminate\\Routing\\Router.php(748): Illuminate\\Routing\\Router->runRoute(Object(Illuminate\\Http\\Request), Object(Illuminate\\Routing\\Route))
#17 C:\\xampp\\htdocs\\LaravelLuminaries-StaySwift-Hotel-Reservation-Application\\vendor\\laravel\\framework\\src\\Illuminate\\Routing\\Router.php(737): Illuminate\\Routing\\Router->dispatchToRoute(Object(Illuminate\\Http\\Request))
#18 C:\\xampp\\htdocs\\LaravelLuminaries-StaySwift-Hotel-Reservation-Application\\vendor\\laravel\\framework\\src\\Illuminate\\Foundation\\Http\\Kernel.php(200): Illuminate\\Routing\\Router->dispatch(Object(Illuminate\\Http\\Request))
#19 C:\\xampp\\htdocs\\LaravelLuminaries-StaySwift-Hotel-Reservation-Application\\vendor\\laravel\\framework\\src\\Illuminate\\Pipeline\\Pipeline.php(144): Illuminate\\Foundation\\Http\\Kernel->Illuminate\\Foundation\\Http\\{closure}(Object(Illuminate\\Http\\Request))
#20 C:\\xampp\\htdocs\\LaravelLuminaries-StaySwift-Hotel-Reservation-Application\\vendor\\laravel\\framework\\src\\Illuminate\\Foundation\\Http\\Middleware\\TransformsRequest.php(21): Illuminate\\Pipeline\\Pipeline->Illuminate\\Pipeline\\{closure}(Object(Illuminate\\Http\\Request))
#21 C:\\xampp\\htdocs\\LaravelLuminaries-StaySwift-Hotel-Reservation-Application\\vendor\\laravel\\framework\\src\\Illuminate\\Foundation\\Http\\Middleware\\ConvertEmptyStringsToNull.php(31): Illuminate\\Foundation\\Http\\Middleware\\TransformsRequest->handle(Object(Illuminate\\Http\\Request), Object(Closure))
#22 C:\\xampp\\htdocs\\LaravelLuminaries-StaySwift-Hotel-Reservation-Application\\vendor\\laravel\\framework\\src\\Illuminate\\Pipeline\\Pipeline.php(183): Illuminate\\Foundation\\Http\\Middleware\\ConvertEmptyStringsToNull->handle(Object(Illuminate\\Http\\Request), Object(Closure))
#23 C:\\xampp\\htdocs\\LaravelLuminaries-StaySwift-Hotel-Reservation-Application\\vendor\\laravel\\framework\\src\\Illuminate\\Foundation\\Http\\Middleware\\TransformsRequest.php(21): Illuminate\\Pipeline\\Pipeline->Illuminate\\Pipeline\\{closure}(Object(Illuminate\\Http\\Request))
#24 C:\\xampp\\htdocs\\LaravelLuminaries-StaySwift-Hotel-Reservation-Application\\vendor\\laravel\\framework\\src\\Illuminate\\Foundation\\Http\\Middleware\\TrimStrings.php(40): Illuminate\\Foundation\\Http\\Middleware\\TransformsRequest->handle(Object(Illuminate\\Http\\Request), Object(Closure))
#25 C:\\xampp\\htdocs\\LaravelLuminaries-StaySwift-Hotel-Reservation-Application\\vendor\\laravel\\framework\\src\\Illuminate\\Pipeline\\Pipeline.php(183): Illuminate\\Foundation\\Http\\Middleware\\TrimStrings->handle(Object(Illuminate\\Http\\Request), Object(Closure))
#26 C:\\xampp\\htdocs\\LaravelLuminaries-StaySwift-Hotel-Reservation-Application\\vendor\\laravel\\framework\\src\\Illuminate\\Foundation\\Http\\Middleware\\ValidatePostSize.php(27): Illuminate\\Pipeline\\Pipeline->Illuminate\\Pipeline\\{closure}(Object(Illuminate\\Http\\Request))
#27 C:\\xampp\\htdocs\\LaravelLuminaries-StaySwift-Hotel-Reservation-Application\\vendor\\laravel\\framework\\src\\Illuminate\\Pipeline\\Pipeline.php(183): Illuminate\\Foundation\\Http\\Middleware\\ValidatePostSize->handle(Object(Illuminate\\Http\\Request), Object(Closure))
#28 C:\\xampp\\htdocs\\LaravelLuminaries-StaySwift-Hotel-Reservation-Application\\vendor\\laravel\\framework\\src\\Illuminate\\Foundation\\Http\\Middleware\\PreventRequestsDuringMaintenance.php(99): Illuminate\\Pipeline\\Pipeline->Illuminate\\Pipeline\\{closure}(Object(Illuminate\\Http\\Request))
#29 C:\\xampp\\htdocs\\LaravelLuminaries-StaySwift-Hotel-Reservation-Application\\vendor\\laravel\\framework\\src\\Illuminate\\Pipeline\\Pipeline.php(183): Illuminate\\Foundation\\Http\\Middleware\\PreventRequestsDuringMaintenance->handle(Object(Illuminate\\Http\\Request), Object(Closure))
#30 C:\\xampp\\htdocs\\LaravelLuminaries-StaySwift-Hotel-Reservation-Application\\vendor\\laravel\\framework\\src\\Illuminate\\Http\\Middleware\\HandleCors.php(49): Illuminate\\Pipeline\\Pipeline->Illuminate\\Pipeline\\{closure}(Object(Illuminate\\Http\\Request))
#31 C:\\xampp\\htdocs\\LaravelLuminaries-StaySwift-Hotel-Reservation-Application\\vendor\\laravel\\framework\\src\\Illuminate\\Pipeline\\Pipeline.php(183): Illuminate\\Http\\Middleware\\HandleCors->handle(Object(Illuminate\\Http\\Request), Object(Closure))
#32 C:\\xampp\\htdocs\\LaravelLuminaries-StaySwift-Hotel-Reservation-Application\\vendor\\laravel\\framework\\src\\Illuminate\\Http\\Middleware\\TrustProxies.php(39): Illuminate\\Pipeline\\Pipeline->Illuminate\\Pipeline\\{closure}(Object(Illuminate\\Http\\Request))
#33 C:\\xampp\\htdocs\\LaravelLuminaries-StaySwift-Hotel-Reservation-Application\\vendor\\laravel\\framework\\src\\Illuminate\\Pipeline\\Pipeline.php(183): Illuminate\\Http\\Middleware\\TrustProxies->handle(Object(Illuminate\\Http\\Request), Object(Closure))
#34 C:\\xampp\\htdocs\\LaravelLuminaries-StaySwift-Hotel-Reservation-Application\\vendor\\laravel\\framework\\src\\Illuminate\\Pipeline\\Pipeline.php(119): Illuminate\\Pipeline\\Pipeline->Illuminate\\Pipeline\\{closure}(Object(Illuminate\\Http\\Request))
#35 C:\\xampp\\htdocs\\LaravelLuminaries-StaySwift-Hotel-Reservation-Application\\vendor\\laravel\\framework\\src\\Illuminate\\Foundation\\Http\\Kernel.php(175): Illuminate\\Pipeline\\Pipeline->then(Object(Closure))
#36 C:\\xampp\\htdocs\\LaravelLuminaries-StaySwift-Hotel-Reservation-Application\\vendor\\laravel\\framework\\src\\Illuminate\\Foundation\\Http\\Kernel.php(144): Illuminate\\Foundation\\Http\\Kernel->sendRequestThroughRouter(Object(Illuminate\\Http\\Request))
#37 C:\\xampp\\htdocs\\LaravelLuminaries-StaySwift-Hotel-Reservation-Application\\public\\index.php(51): Illuminate\\Foundation\\Http\\Kernel->handle(Object(Illuminate\\Http\\Request))
#38 C:\\xampp\\htdocs\\LaravelLuminaries-StaySwift-Hotel-Reservation-Application\\vendor\\laravel\\framework\\src\\Illuminate\\Foundation\\resources\\server.php(16): require_once('C:\\\\xampp\\\\htdocs...')
#39 {main}
"} 
[2026-06-12 00:23:29] local.ERROR: Please provide a valid cache path. {"exception":"[object] (InvalidArgumentException(code: 0): Please provide a valid cache path. at C:\\xampp\\htdocs\\LaravelLuminaries-StaySwift-Hotel-Reservation-Application\\vendor\\laravel\\framework\\src\\Illuminate\\View\\Compilers\\Compiler.php:67)
[stacktrace]
#0 C:\\xampp\\htdocs\\LaravelLuminaries-StaySwift-Hotel-Reservation-Application\\vendor\\laravel\\framework\\src\\Illuminate\\View\\ViewServiceProvider.php(96): Illuminate\\View\\Compilers\\Compiler->__construct(Object(Illuminate\\Filesystem\\Filesystem), false, '', true, 'php')
#1 C:\\xampp\\htdocs\\LaravelLuminaries-StaySwift-Hotel-Reservation-Application\\vendor\\laravel\\framework\\src\\Illuminate\\Container\\Container.php(908): Illuminate\\View\\ViewServiceProvider->Illuminate\\View\\{closure}(Object(Illuminate\\Foundation\\Application), Array)
#2 C:\\xampp\\htdocs\\LaravelLuminaries-StaySwift-Hotel-Reservation-Application\\vendor\\laravel\\framework\\src\\Illuminate\\Container\\Container.php(795): Illuminate\\Container\\Container->build(Object(Closure))
#3 C:\\xampp\\htdocs\\LaravelLuminaries-StaySwift-Hotel-Reservation-Application\\vendor\\laravel\\framework\\src\\Illuminate\\Foundation\\Application.php(957): Illuminate\\Container\\Container->resolve('blade.compiler', Array, true)
#4 C:\\xampp\\htdocs\\LaravelLuminaries-StaySwift-Hotel-Reservation-Application\\vendor\\laravel\\framework\\src\\Illuminate\\Container\\Container.php(731): Illuminate\\Foundation\\Application->resolve('blade.compiler', Array)
#5 C:\\xampp\\htdocs\\LaravelLuminaries-StaySwift-Hotel-Reservation-Application\\vendor\\laravel\\framework\\src\\Illuminate\\Foundation\\Application.php(942): Illuminate\\Container\\Container->make('blade.compiler', Array)
#6 C:\\xampp\\htdocs\\LaravelLuminaries-StaySwift-Hotel-Reservation-Application\\vendor\\laravel\\framework\\src\\Illuminate\\Container\\Container.php(1454): Illuminate\\Foundation\\Application->make('blade.compiler')
#7 C:\\xampp\\htdocs\\LaravelLuminaries-StaySwift-Hotel-Reservation-Application\\vendor\\laravel\\framework\\src\\Illuminate\\View\\ViewServiceProvider.php(164): Illuminate\\Container\\Container->offsetGet('blade.compiler')
#8 [internal function]: Illuminate\\View\\ViewServiceProvider->Illuminate\\View\\{closure}()
#9 C:\\xampp\\htdocs\\LaravelLuminaries-StaySwift-Hotel-Reservation-Application\\vendor\\laravel\\framework\\src\\Illuminate\\View\\Engines\\EngineResolver.php(55): call_user_func(Object(Closure))
#10 C:\\xampp\\htdocs\\LaravelLuminaries-StaySwift-Hotel-Reservation-Application\\vendor\\laravel\\framework\\src\\Illuminate\\View\\Factory.php(310): Illuminate\\View\\Engines\\EngineResolver->resolve('blade')
#11 C:\\xampp\\htdocs\\LaravelLuminaries-StaySwift-Hotel-Reservation-Application\\vendor\\laravel\\framework\\src\\Illuminate\\View\\Factory.php(274): Illuminate\\View\\Factory->getEngineFromPath('C:\\\\xampp\\\\htdocs...')
#12 C:\\xampp\\htdocs\\LaravelLuminaries-StaySwift-Hotel-Reservation-Application\\vendor\\laravel\\framework\\src\\Illuminate\\View\\Factory.php(146): Illuminate\\View\\Factory->viewInstance('home', 'C:\\\\xampp\\\\htdocs...', Array)
#13 C:\\xampp\\htdocs\\LaravelLuminaries-StaySwift-Hotel-Reservation-Application\\vendor\\laravel\\framework\\src\\Illuminate\\Foundation\\helpers.php(1020): Illuminate\\View\\Factory->make('home', Array, Array)
#14 C:\\xampp\\htdocs\\LaravelLuminaries-StaySwift-Hotel-Reservation-Application\\app\\Http\\Controllers\\Home.php(11): view('home')
#15 C:\\xampp\\htdocs\\LaravelLuminaries-StaySwift-Hotel-Reservation-Application\\vendor\\laravel\\framework\\src\\Illuminate\\Routing\\Controller.php(54): App\\Http\\Controllers\\Home->harborView()
#16 C:\\xampp\\htdocs\\LaravelLuminaries-StaySwift-Hotel-Reservation-Application\\vendor\\laravel\\framework\\src\\Illuminate\\Routing\\ControllerDispatcher.php(43): Illuminate\\Routing\\Controller->callAction('harborView', Array)
#17 C:\\xampp\\htdocs\\LaravelLuminaries-StaySwift-Hotel-Reservation-Application\\vendor\\laravel\\framework\\src\\Illuminate\\Routing\\Route.php(259): Illuminate\\Routing\\ControllerDispatcher->dispatch(Object(Illuminate\\Routing\\Route), Object(App\\Http\\Controllers\\Home), 'harborView')
#18 C:\\xampp\\htdocs\\LaravelLuminaries-StaySwift-Hotel-Reservation-Application\\vendor\\laravel\\framework\\src\\Illuminate\\Routing\\Route.php(205): Illuminate\\Routing\\Route->runController()
#19 C:\\xampp\\htdocs\\LaravelLuminaries-StaySwift-Hotel-Reservation-Application\\vendor\\laravel\\framework\\src\\Illuminate\\Routing\\Router.php(806): Illuminate\\Routing\\Route->run()
#20 C:\\xampp\\htdocs\\LaravelLuminaries-StaySwift-Hotel-Reservation-Application\\vendor\\laravel\\framework\\src\\Illuminate\\Pipeline\\Pipeline.php(144): Illuminate\\Routing\\Router->Illuminate\\Routing\\{closure}(Object(Illuminate\\Http\\Request))
#21 C:\\xampp\\htdocs\\LaravelLuminaries-StaySwift-Hotel-Reservation-Application\\vendor\\laravel\\framework\\src\\Illuminate\\Routing\\Middleware\\SubstituteBindings.php(50): Illuminate\\Pipeline\\Pipeline->Illuminate\\Pipeline\\{closure}(Object(Illuminate\\Http\\Request))
#22 C:\\xampp\\htdocs\\LaravelLuminaries-StaySwift-Hotel-Reservation-Application\\vendor\\laravel\\framework\\src\\Illuminate\\Pipeline\\Pipeline.php(183): Illuminate\\Routing\\Middleware\\SubstituteBindings->handle(Object(Illuminate\\Http\\Request), Object(Closure))
#23 C:\\xampp\\htdocs\\LaravelLuminaries-StaySwift-Hotel-Reservation-Application\\vendor\\laravel\\framework\\src\\Illuminate\\Foundation\\Http\\Middleware\\VerifyCsrfToken.php(78): Illuminate\\Pipeline\\Pipeline->Illuminate\\Pipeline\\{closure}(Object(Illuminate\\Http\\Request))
#24 C:\\xampp\\htdocs\\LaravelLuminaries-StaySwift-Hotel-Reservation-Application\\vendor\\laravel\\framework\\src\\Illuminate\\Pipeline\\Pipeline.php(183): Illuminate\\Foundation\\Http\\Middleware\\VerifyCsrfToken->handle(Object(Illuminate\\Http\\Request), Object(Closure))
#25 C:\\xampp\\htdocs\\LaravelLuminaries-StaySwift-Hotel-Reservation-Application\\vendor\\laravel\\framework\\src\\Illuminate\\View\\Middleware\\ShareErrorsFromSession.php(49): Illuminate\\Pipeline\\Pipeline->Illuminate\\Pipeline\\{closure}(Object(Illuminate\\Http\\Request))
#26 C:\\xampp\\htdocs\\LaravelLuminaries-StaySwift-Hotel-Reservation-Application\\vendor\\laravel\\framework\\src\\Illuminate\\Pipeline\\Pipeline.php(183): Illuminate\\View\\Middleware\\ShareErrorsFromSession->handle(Object(Illuminate\\Http\\Request), Object(Closure))
#27 C:\\xampp\\htdocs\\LaravelLuminaries-StaySwift-Hotel-Reservation-Application\\vendor\\laravel\\framework\\src\\Illuminate\\Session\\Middleware\\StartSession.php(121): Illuminate\\Pipeline\\Pipeline->Illuminate\\Pipeline\\{closure}(Object(Illuminate\\Http\\Request))
#28 C:\\xampp\\htdocs\\LaravelLuminaries-StaySwift-Hotel-Reservation-Application\\vendor\\laravel\\framework\\src\\Illuminate\\Session\\Middleware\\StartSession.php(64): Illuminate\\Session\\Middleware\\StartSession->handleStatefulRequest(Object(Illuminate\\Http\\Request), Object(Illuminate\\Session\\Store), Object(Closure))
#29 C:\\xampp\\htdocs\\LaravelLuminaries-StaySwift-Hotel-Reservation-Application\\vendor\\laravel\\framework\\src\\Illuminate\\Pipeline\\Pipeline.php(183): Illuminate\\Session\\Middleware\\StartSession->handle(Object(Illuminate\\Http\\Request), Object(Closure))
#30 C:\\xampp\\htdocs\\LaravelLuminaries-StaySwift-Hotel-Reservation-Application\\vendor\\laravel\\framework\\src\\Illuminate\\Cookie\\Middleware\\AddQueuedCookiesToResponse.php(37): Illuminate\\Pipeline\\Pipeline->Illuminate\\Pipeline\\{closure}(Object(Illuminate\\Http\\Request))
#31 C:\\xampp\\htdocs\\LaravelLuminaries-StaySwift-Hotel-Reservation-Application\\vendor\\laravel\\framework\\src\\Illuminate\\Pipeline\\Pipeline.php(183): Illuminate\\Cookie\\Middleware\\AddQueuedCookiesToResponse->handle(Object(Illuminate\\Http\\Request), Object(Closure))
#32 C:\\xampp\\htdocs\\LaravelLuminaries-StaySwift-Hotel-Reservation-Application\\vendor\\laravel\\framework\\src\\Illuminate\\Cookie\\Middleware\\EncryptCookies.php(67): Illuminate\\Pipeline\\Pipeline->Illuminate\\Pipeline\\{closure}(Object(Illuminate\\Http\\Request))
#33 C:\\xampp\\htdocs\\LaravelLuminaries-StaySwift-Hotel-Reservation-Application\\vendor\\laravel\\framework\\src\\Illuminate\\Pipeline\\Pipeline.php(183): Illuminate\\Cookie\\Middleware\\EncryptCookies->handle(Object(Illuminate\\Http\\Request), Object(Closure))
#34 C:\\xampp\\htdocs\\LaravelLuminaries-StaySwift-Hotel-Reservation-Application\\vendor\\laravel\\framework\\src\\Illuminate\\Pipeline\\Pipeline.php(119): Illuminate\\Pipeline\\Pipeline->Illuminate\\Pipeline\\{closure}(Object(Illuminate\\Http\\Request))
#35 C:\\xampp\\htdocs\\LaravelLuminaries-StaySwift-Hotel-Reservation-Application\\vendor\\laravel\\framework\\src\\Illuminate\\Routing\\Router.php(805): Illuminate\\Pipeline\\Pipeline->then(Object(Closure))
#36 C:\\xampp\\htdocs\\LaravelLuminaries-StaySwift-Hotel-Reservation-Application\\vendor\\laravel\\framework\\src\\Illuminate\\Routing\\Router.php(784): Illuminate\\Routing\\Router->runRouteWithinStack(Object(Illuminate\\Routing\\Route), Object(Illuminate\\Http\\Request))
#37 C:\\xampp\\htdocs\\LaravelLuminaries-StaySwift-Hotel-Reservation-Application\\vendor\\laravel\\framework\\src\\Illuminate\\Routing\\Router.php(748): Illuminate\\Routing\\Router->runRoute(Object(Illuminate\\Http\\Request), Object(Illuminate\\Routing\\Route))
#38 C:\\xampp\\htdocs\\LaravelLuminaries-StaySwift-Hotel-Reservation-Application\\vendor\\laravel\\framework\\src\\Illuminate\\Routing\\Router.php(737): Illuminate\\Routing\\Router->dispatchToRoute(Object(Illuminate\\Http\\Request))
#39 C:\\xampp\\htdocs\\LaravelLuminaries-StaySwift-Hotel-Reservation-Application\\vendor\\laravel\\framework\\src\\Illuminate\\Foundation\\Http\\Kernel.php(200): Illuminate\\Routing\\Router->dispatch(Object(Illuminate\\Http\\Request))
#40 C:\\xampp\\htdocs\\LaravelLuminaries-StaySwift-Hotel-Reservation-Application\\vendor\\laravel\\framework\\src\\Illuminate\\Pipeline\\Pipeline.php(144): Illuminate\\Foundation\\Http\\Kernel->Illuminate\\Foundation\\Http\\{closure}(Object(Illuminate\\Http\\Request))
#41 C:\\xampp\\htdocs\\LaravelLuminaries-StaySwift-Hotel-Reservation-Application\\vendor\\laravel\\framework\\src\\Illuminate\\Foundation\\Http\\Middleware\\TransformsRequest.php(21): Illuminate\\Pipeline\\Pipeline->Illuminate\\Pipeline\\{closure}(Object(Illuminate\\Http\\Request))
#42 C:\\xampp\\htdocs\\LaravelLuminaries-StaySwift-Hotel-Reservation-Application\\vendor\\laravel\\framework\\src\\Illuminate\\Foundation\\Http\\Middleware\\ConvertEmptyStringsToNull.php(31): Illuminate\\Foundation\\Http\\Middleware\\TransformsRequest->handle(Object(Illuminate\\Http\\Request), Object(Closure))
#43 C:\\xampp\\htdocs\\LaravelLuminaries-StaySwift-Hotel-Reservation-Application\\vendor\\laravel\\framework\\src\\Illuminate\\Pipeline\\Pipeline.php(183): Illuminate\\Foundation\\Http\\Middleware\\ConvertEmptyStringsToNull->handle(Object(Illuminate\\Http\\Request), Object(Closure))
#44 C:\\xampp\\htdocs\\LaravelLuminaries-StaySwift-Hotel-Reservation-Application\\vendor\\laravel\\framework\\src\\Illuminate\\Foundation\\Http\\Middleware\\TransformsRequest.php(21): Illuminate\\Pipeline\\Pipeline->Illuminate\\Pipeline\\{closure}(Object(Illuminate\\Http\\Request))
#45 C:\\xampp\\htdocs\\LaravelLuminaries-StaySwift-Hotel-Reservation-Application\\vendor\\laravel\\framework\\src\\Illuminate\\Foundation\\Http\\Middleware\\TrimStrings.php(40): Illuminate\\Foundation\\Http\\Middleware\\TransformsRequest->handle(Object(Illuminate\\Http\\Request), Object(Closure))
#46 C:\\xampp\\htdocs\\LaravelLuminaries-StaySwift-Hotel-Reservation-Application\\vendor\\laravel\\framework\\src\\Illuminate\\Pipeline\\Pipeline.php(183): Illuminate\\Foundation\\Http\\Middleware\\TrimStrings->handle(Object(Illuminate\\Http\\Request), Object(Closure))
#47 C:\\xampp\\htdocs\\LaravelLuminaries-StaySwift-Hotel-Reservation-Application\\vendor\\laravel\\framework\\src\\Illuminate\\Foundation\\Http\\Middleware\\ValidatePostSize.php(27): Illuminate\\Pipeline\\Pipeline->Illuminate\\Pipeline\\{closure}(Object(Illuminate\\Http\\Request))
#48 C:\\xampp\\htdocs\\LaravelLuminaries-StaySwift-Hotel-Reservation-Application\\vendor\\laravel\\framework\\src\\Illuminate\\Pipeline\\Pipeline.php(183): Illuminate\\Foundation\\Http\\Middleware\\ValidatePostSize->handle(Object(Illuminate\\Http\\Request), Object(Closure))
#49 C:\\xampp\\htdocs\\LaravelLuminaries-StaySwift-Hotel-Reservation-Application\\vendor\\laravel\\framework\\src\\Illuminate\\Foundation\\Http\\Middleware\\PreventRequestsDuringMaintenance.php(99): Illuminate\\Pipeline\\Pipeline->Illuminate\\Pipeline\\{closure}(Object(Illuminate\\Http\\Request))
#50 C:\\xampp\\htdocs\\LaravelLuminaries-StaySwift-Hotel-Reservation-Application\\vendor\\laravel\\framework\\src\\Illuminate\\Pipeline\\Pipeline.php(183): Illuminate\\Foundation\\Http\\Middleware\\PreventRequestsDuringMaintenance->handle(Object(Illuminate\\Http\\Request), Object(Closure))
#51 C:\\xampp\\htdocs\\LaravelLuminaries-StaySwift-Hotel-Reservation-Application\\vendor\\laravel\\framework\\src\\Illuminate\\Http\\Middleware\\HandleCors.php(49): Illuminate\\Pipeline\\Pipeline->Illuminate\\Pipeline\\{closure}(Object(Illuminate\\Http\\Request))
#52 C:\\xampp\\htdocs\\LaravelLuminaries-StaySwift-Hotel-Reservation-Application\\vendor\\laravel\\framework\\src\\Illuminate\\Pipeline\\Pipeline.php(183): Illuminate\\Http\\Middleware\\HandleCors->handle(Object(Illuminate\\Http\\Request), Object(Closure))
#53 C:\\xampp\\htdocs\\LaravelLuminaries-StaySwift-Hotel-Reservation-Application\\vendor\\laravel\\framework\\src\\Illuminate\\Http\\Middleware\\TrustProxies.php(39): Illuminate\\Pipeline\\Pipeline->Illuminate\\Pipeline\\{closure}(Object(Illuminate\\Http\\Request))
#54 C:\\xampp\\htdocs\\LaravelLuminaries-StaySwift-Hotel-Reservation-Application\\vendor\\laravel\\framework\\src\\Illuminate\\Pipeline\\Pipeline.php(183): Illuminate\\Http\\Middleware\\TrustProxies->handle(Object(Illuminate\\Http\\Request), Object(Closure))
#55 C:\\xampp\\htdocs\\LaravelLuminaries-StaySwift-Hotel-Reservation-Application\\vendor\\laravel\\framework\\src\\Illuminate\\Pipeline\\Pipeline.php(119): Illuminate\\Pipeline\\Pipeline->Illuminate\\Pipeline\\{closure}(Object(Illuminate\\Http\\Request))
#56 C:\\xampp\\htdocs\\LaravelLuminaries-StaySwift-Hotel-Reservation-Application\\vendor\\laravel\\framework\\src\\Illuminate\\Foundation\\Http\\Kernel.php(175): Illuminate\\Pipeline\\Pipeline->then(Object(Closure))
#57 C:\\xampp\\htdocs\\LaravelLuminaries-StaySwift-Hotel-Reservation-Application\\vendor\\laravel\\framework\\src\\Illuminate\\Foundation\\Http\\Kernel.php(144): Illuminate\\Foundation\\Http\\Kernel->sendRequestThroughRouter(Object(Illuminate\\Http\\Request))
#58 C:\\xampp\\htdocs\\LaravelLuminaries-StaySwift-Hotel-Reservation-Application\\public\\index.php(51): Illuminate\\Foundation\\Http\\Kernel->handle(Object(Illuminate\\Http\\Request))
#59 C:\\xampp\\htdocs\\LaravelLuminaries-StaySwift-Hotel-Reservation-Application\\vendor\\laravel\\framework\\src\\Illuminate\\Foundation\\resources\\server.php(16): require_once('C:\\\\xampp\\\\htdocs...')
#60 {main}
"} 
[2026-06-12 00:23:29] local.ERROR: file_put_contents(C:\xampp\htdocs\LaravelLuminaries-StaySwift-Hotel-Reservation-Application\storage\framework/sessions/ncKzAsONdAKY19SeYhSsdn4iUxr8whZLNtt8C6wx): Failed to open stream: No such file or directory {"exception":"[object] (ErrorException(code: 0): file_put_contents(C:\\xampp\\htdocs\\LaravelLuminaries-StaySwift-Hotel-Reservation-Application\\storage\\framework/sessions/ncKzAsONdAKY19SeYhSsdn4iUxr8whZLNtt8C6wx): Failed to open stream: No such file or directory at C:\\xampp\\htdocs\\LaravelLuminaries-StaySwift-Hotel-Reservation-Application\\vendor\\laravel\\framework\\src\\Illuminate\\Filesystem\\Filesystem.php:205)
[stacktrace]
#0 C:\\xampp\\htdocs\\LaravelLuminaries-StaySwift-Hotel-Reservation-Application\\vendor\\laravel\\framework\\src\\Illuminate\\Foundation\\Bootstrap\\HandleExceptions.php(255): Illuminate\\Foundation\\Bootstrap\\HandleExceptions->handleError(2, 'file_put_conten...', 'C:\\\\xampp\\\\htdocs...', 205)
#1 [internal function]: Illuminate\\Foundation\\Bootstrap\\HandleExceptions->Illuminate\\Foundation\\Bootstrap\\{closure}(2, 'file_put_conten...', 'C:\\\\xampp\\\\htdocs...', 205)
#2 C:\\xampp\\htdocs\\LaravelLuminaries-StaySwift-Hotel-Reservation-Application\\vendor\\laravel\\framework\\src\\Illuminate\\Filesystem\\Filesystem.php(205): file_put_contents('C:\\\\xampp\\\\htdocs...', 'a:3:{s:6:\"_toke...', 2)
#3 C:\\xampp\\htdocs\\LaravelLuminaries-StaySwift-Hotel-Reservation-Application\\vendor\\laravel\\framework\\src\\Illuminate\\Session\\FileSessionHandler.php(90): Illuminate\\Filesystem\\Filesystem->put('C:\\\\xampp\\\\htdocs...', 'a:3:{s:6:\"_toke...', true)
#4 C:\\xampp\\htdocs\\LaravelLuminaries-StaySwift-Hotel-Reservation-Application\\vendor\\laravel\\framework\\src\\Illuminate\\Session\\Store.php(172): Illuminate\\Session\\FileSessionHandler->write('ncKzAsONdAKY19S...', 'a:3:{s:6:\"_toke...')
#5 C:\\xampp\\htdocs\\LaravelLuminaries-StaySwift-Hotel-Reservation-Application\\vendor\\laravel\\framework\\src\\Illuminate\\Session\\Middleware\\StartSession.php(245): Illuminate\\Session\\Store->save()
#6 C:\\xampp\\htdocs\\LaravelLuminaries-StaySwift-Hotel-Reservation-Application\\vendor\\laravel\\framework\\src\\Illuminate\\Session\\Middleware\\StartSession.php(130): Illuminate\\Session\\Middleware\\StartSession->saveSession(Object(Illuminate\\Http\\Request))
#7 C:\\xampp\\htdocs\\LaravelLuminaries-StaySwift-Hotel-Reservation-Application\\vendor\\laravel\\framework\\src\\Illuminate\\Session\\Middleware\\StartSession.php(64): Illuminate\\Session\\Middleware\\StartSession->handleStatefulRequest(Object(Illuminate\\Http\\Request), Object(Illuminate\\Session\\Store), Object(Closure))
#8 C:\\xampp\\htdocs\\LaravelLuminaries-StaySwift-Hotel-Reservation-Application\\vendor\\laravel\\framework\\src\\Illuminate\\Pipeline\\Pipeline.php(183): Illuminate\\Session\\Middleware\\StartSession->handle(Object(Illuminate\\Http\\Request), Object(Closure))
#9 C:\\xampp\\htdocs\\LaravelLuminaries-StaySwift-Hotel-Reservation-Application\\vendor\\laravel\\framework\\src\\Illuminate\\Cookie\\Middleware\\AddQueuedCookiesToResponse.php(37): Illuminate\\Pipeline\\Pipeline->Illuminate\\Pipeline\\{closure}(Object(Illuminate\\Http\\Request))
#10 C:\\xampp\\htdocs\\LaravelLuminaries-StaySwift-Hotel-Reservation-Application\\vendor\\laravel\\framework\\src\\Illuminate\\Pipeline\\Pipeline.php(183): Illuminate\\Cookie\\Middleware\\AddQueuedCookiesToResponse->handle(Object(Illuminate\\Http\\Request), Object(Closure))
#11 C:\\xampp\\htdocs\\LaravelLuminaries-StaySwift-Hotel-Reservation-Application\\vendor\\laravel\\framework\\src\\Illuminate\\Cookie\\Middleware\\EncryptCookies.php(67): Illuminate\\Pipeline\\Pipeline->Illuminate\\Pipeline\\{closure}(Object(Illuminate\\Http\\Request))
#12 C:\\xampp\\htdocs\\LaravelLuminaries-StaySwift-Hotel-Reservation-Application\\vendor\\laravel\\framework\\src\\Illuminate\\Pipeline\\Pipeline.php(183): Illuminate\\Cookie\\Middleware\\EncryptCookies->handle(Object(Illuminate\\Http\\Request), Object(Closure))
#13 C:\\xampp\\htdocs\\LaravelLuminaries-StaySwift-Hotel-Reservation-Application\\vendor\\laravel\\framework\\src\\Illuminate\\Pipeline\\Pipeline.php(119): Illuminate\\Pipeline\\Pipeline->Illuminate\\Pipeline\\{closure}(Object(Illuminate\\Http\\Request))
#14 C:\\xampp\\htdocs\\LaravelLuminaries-StaySwift-Hotel-Reservation-Application\\vendor\\laravel\\framework\\src\\Illuminate\\Routing\\Router.php(805): Illuminate\\Pipeline\\Pipeline->then(Object(Closure))
#15 C:\\xampp\\htdocs\\LaravelLuminaries-StaySwift-Hotel-Reservation-Application\\vendor\\laravel\\framework\\src\\Illuminate\\Routing\\Router.php(784): Illuminate\\Routing\\Router->runRouteWithinStack(Object(Illuminate\\Routing\\Route), Object(Illuminate\\Http\\Request))
#16 C:\\xampp\\htdocs\\LaravelLuminaries-StaySwift-Hotel-Reservation-Application\\vendor\\laravel\\framework\\src\\Illuminate\\Routing\\Router.php(748): Illuminate\\Routing\\Router->runRoute(Object(Illuminate\\Http\\Request), Object(Illuminate\\Routing\\Route))
#17 C:\\xampp\\htdocs\\LaravelLuminaries-StaySwift-Hotel-Reservation-Application\\vendor\\laravel\\framework\\src\\Illuminate\\Routing\\Router.php(737): Illuminate\\Routing\\Router->dispatchToRoute(Object(Illuminate\\Http\\Request))
#18 C:\\xampp\\htdocs\\LaravelLuminaries-StaySwift-Hotel-Reservation-Application\\vendor\\laravel\\framework\\src\\Illuminate\\Foundation\\Http\\Kernel.php(200): Illuminate\\Routing\\Router->dispatch(Object(Illuminate\\Http\\Request))
#19 C:\\xampp\\htdocs\\LaravelLuminaries-StaySwift-Hotel-Reservation-Application\\vendor\\laravel\\framework\\src\\Illuminate\\Pipeline\\Pipeline.php(144): Illuminate\\Foundation\\Http\\Kernel->Illuminate\\Foundation\\Http\\{closure}(Object(Illuminate\\Http\\Request))
#20 C:\\xampp\\htdocs\\LaravelLuminaries-StaySwift-Hotel-Reservation-Application\\vendor\\laravel\\framework\\src\\Illuminate\\Foundation\\Http\\Middleware\\TransformsRequest.php(21): Illuminate\\Pipeline\\Pipeline->Illuminate\\Pipeline\\{closure}(Object(Illuminate\\Http\\Request))
#21 C:\\xampp\\htdocs\\LaravelLuminaries-StaySwift-Hotel-Reservation-Application\\vendor\\laravel\\framework\\src\\Illuminate\\Foundation\\Http\\Middleware\\ConvertEmptyStringsToNull.php(31): Illuminate\\Foundation\\Http\\Middleware\\TransformsRequest->handle(Object(Illuminate\\Http\\Request), Object(Closure))
#22 C:\\xampp\\htdocs\\LaravelLuminaries-StaySwift-Hotel-Reservation-Application\\vendor\\laravel\\framework\\src\\Illuminate\\Pipeline\\Pipeline.php(183): Illuminate\\Foundation\\Http\\Middleware\\ConvertEmptyStringsToNull->handle(Object(Illuminate\\Http\\Request), Object(Closure))
#23 C:\\xampp\\htdocs\\LaravelLuminaries-StaySwift-Hotel-Reservation-Application\\vendor\\laravel\\framework\\src\\Illuminate\\Foundation\\Http\\Middleware\\TransformsRequest.php(21): Illuminate\\Pipeline\\Pipeline->Illuminate\\Pipeline\\{closure}(Object(Illuminate\\Http\\Request))
#24 C:\\xampp\\htdocs\\LaravelLuminaries-StaySwift-Hotel-Reservation-Application\\vendor\\laravel\\framework\\src\\Illuminate\\Foundation\\Http\\Middleware\\TrimStrings.php(40): Illuminate\\Foundation\\Http\\Middleware\\TransformsRequest->handle(Object(Illuminate\\Http\\Request), Object(Closure))
#25 C:\\xampp\\htdocs\\LaravelLuminaries-StaySwift-Hotel-Reservation-Application\\vendor\\laravel\\framework\\src\\Illuminate\\Pipeline\\Pipeline.php(183): Illuminate\\Foundation\\Http\\Middleware\\TrimStrings->handle(Object(Illuminate\\Http\\Request), Object(Closure))
#26 C:\\xampp\\htdocs\\LaravelLuminaries-StaySwift-Hotel-Reservation-Application\\vendor\\laravel\\framework\\src\\Illuminate\\Foundation\\Http\\Middleware\\ValidatePostSize.php(27): Illuminate\\Pipeline\\Pipeline->Illuminate\\Pipeline\\{closure}(Object(Illuminate\\Http\\Request))
#27 C:\\xampp\\htdocs\\LaravelLuminaries-StaySwift-Hotel-Reservation-Application\\vendor\\laravel\\framework\\src\\Illuminate\\Pipeline\\Pipeline.php(183): Illuminate\\Foundation\\Http\\Middleware\\ValidatePostSize->handle(Object(Illuminate\\Http\\Request), Object(Closure))
#28 C:\\xampp\\htdocs\\LaravelLuminaries-StaySwift-Hotel-Reservation-Application\\vendor\\laravel\\framework\\src\\Illuminate\\Foundation\\Http\\Middleware\\PreventRequestsDuringMaintenance.php(99): Illuminate\\Pipeline\\Pipeline->Illuminate\\Pipeline\\{closure}(Object(Illuminate\\Http\\Request))
#29 C:\\xampp\\htdocs\\LaravelLuminaries-StaySwift-Hotel-Reservation-Application\\vendor\\laravel\\framework\\src\\Illuminate\\Pipeline\\Pipeline.php(183): Illuminate\\Foundation\\Http\\Middleware\\PreventRequestsDuringMaintenance->handle(Object(Illuminate\\Http\\Request), Object(Closure))
#30 C:\\xampp\\htdocs\\LaravelLuminaries-StaySwift-Hotel-Reservation-Application\\vendor\\laravel\\framework\\src\\Illuminate\\Http\\Middleware\\HandleCors.php(49): Illuminate\\Pipeline\\Pipeline->Illuminate\\Pipeline\\{closure}(Object(Illuminate\\Http\\Request))
#31 C:\\xampp\\htdocs\\LaravelLuminaries-StaySwift-Hotel-Reservation-Application\\vendor\\laravel\\framework\\src\\Illuminate\\Pipeline\\Pipeline.php(183): Illuminate\\Http\\Middleware\\HandleCors->handle(Object(Illuminate\\Http\\Request), Object(Closure))
#32 C:\\xampp\\htdocs\\LaravelLuminaries-StaySwift-Hotel-Reservation-Application\\vendor\\laravel\\framework\\src\\Illuminate\\Http\\Middleware\\TrustProxies.php(39): Illuminate\\Pipeline\\Pipeline->Illuminate\\Pipeline\\{closure}(Object(Illuminate\\Http\\Request))
#33 C:\\xampp\\htdocs\\LaravelLuminaries-StaySwift-Hotel-Reservation-Application\\vendor\\laravel\\framework\\src\\Illuminate\\Pipeline\\Pipeline.php(183): Illuminate\\Http\\Middleware\\TrustProxies->handle(Object(Illuminate\\Http\\Request), Object(Closure))
#34 C:\\xampp\\htdocs\\LaravelLuminaries-StaySwift-Hotel-Reservation-Application\\vendor\\laravel\\framework\\src\\Illuminate\\Pipeline\\Pipeline.php(119): Illuminate\\Pipeline\\Pipeline->Illuminate\\Pipeline\\{closure}(Object(Illuminate\\Http\\Request))
#35 C:\\xampp\\htdocs\\LaravelLuminaries-StaySwift-Hotel-Reservation-Application\\vendor\\laravel\\framework\\src\\Illuminate\\Foundation\\Http\\Kernel.php(175): Illuminate\\Pipeline\\Pipeline->then(Object(Closure))
#36 C:\\xampp\\htdocs\\LaravelLuminaries-StaySwift-Hotel-Reservation-Application\\vendor\\laravel\\framework\\src\\Illuminate\\Foundation\\Http\\Kernel.php(144): Illuminate\\Foundation\\Http\\Kernel->sendRequestThroughRouter(Object(Illuminate\\Http\\Request))
#37 C:\\xampp\\htdocs\\LaravelLuminaries-StaySwift-Hotel-Reservation-Application\\public\\index.php(51): Illuminate\\Foundation\\Http\\Kernel->handle(Object(Illuminate\\Http\\Request))
#38 C:\\xampp\\htdocs\\LaravelLuminaries-StaySwift-Hotel-Reservation-Application\\vendor\\laravel\\framework\\src\\Illuminate\\Foundation\\resources\\server.php(16): require_once('C:\\\\xampp\\\\htdocs...')
#39 {main}
"} 
[2026-06-12 00:24:52] local.ERROR: Please provide a valid cache path. {"exception":"[object] (InvalidArgumentException(code: 0): Please provide a valid cache path. at C:\\xampp\\htdocs\\LaravelLuminaries-StaySwift-Hotel-Reservation-Application\\vendor\\laravel\\framework\\src\\Illuminate\\View\\Compilers\\Compiler.php:67)
[stacktrace]
#0 C:\\xampp\\htdocs\\LaravelLuminaries-StaySwift-Hotel-Reservation-Application\\vendor\\laravel\\framework\\src\\Illuminate\\View\\ViewServiceProvider.php(96): Illuminate\\View\\Compilers\\Compiler->__construct(Object(Illuminate\\Filesystem\\Filesystem), false, '', true, 'php')
#1 C:\\xampp\\htdocs\\LaravelLuminaries-StaySwift-Hotel-Reservation-Application\\vendor\\laravel\\framework\\src\\Illuminate\\Container\\Container.php(908): Illuminate\\View\\ViewServiceProvider->Illuminate\\View\\{closure}(Object(Illuminate\\Foundation\\Application), Array)
#2 C:\\xampp\\htdocs\\LaravelLuminaries-StaySwift-Hotel-Reservation-Application\\vendor\\laravel\\framework\\src\\Illuminate\\Container\\Container.php(795): Illuminate\\Container\\Container->build(Object(Closure))
#3 C:\\xampp\\htdocs\\LaravelLuminaries-StaySwift-Hotel-Reservation-Application\\vendor\\laravel\\framework\\src\\Illuminate\\Foundation\\Application.php(957): Illuminate\\Container\\Container->resolve('blade.compiler', Array, true)
#4 C:\\xampp\\htdocs\\LaravelLuminaries-StaySwift-Hotel-Reservation-Application\\vendor\\laravel\\framework\\src\\Illuminate\\Container\\Container.php(731): Illuminate\\Foundation\\Application->resolve('blade.compiler', Array)
#5 C:\\xampp\\htdocs\\LaravelLuminaries-StaySwift-Hotel-Reservation-Application\\vendor\\laravel\\framework\\src\\Illuminate\\Foundation\\Application.php(942): Illuminate\\Container\\Container->make('blade.compiler', Array)
#6 C:\\xampp\\htdocs\\LaravelLuminaries-StaySwift-Hotel-Reservation-Application\\vendor\\laravel\\framework\\src\\Illuminate\\Container\\Container.php(1454): Illuminate\\Foundation\\Application->make('blade.compiler')
#7 C:\\xampp\\htdocs\\LaravelLuminaries-StaySwift-Hotel-Reservation-Application\\vendor\\laravel\\framework\\src\\Illuminate\\View\\ViewServiceProvider.php(164): Illuminate\\Container\\Container->offsetGet('blade.compiler')
#8 [internal function]: Illuminate\\View\\ViewServiceProvider->Illuminate\\View\\{closure}()
#9 C:\\xampp\\htdocs\\LaravelLuminaries-StaySwift-Hotel-Reservation-Application\\vendor\\laravel\\framework\\src\\Illuminate\\View\\Engines\\EngineResolver.php(55): call_user_func(Object(Closure))
#10 C:\\xampp\\htdocs\\LaravelLuminaries-StaySwift-Hotel-Reservation-Application\\vendor\\laravel\\framework\\src\\Illuminate\\View\\Factory.php(310): Illuminate\\View\\Engines\\EngineResolver->resolve('blade')
#11 C:\\xampp\\htdocs\\LaravelLuminaries-StaySwift-Hotel-Reservation-Application\\vendor\\laravel\\framework\\src\\Illuminate\\View\\Factory.php(274): Illuminate\\View\\Factory->getEngineFromPath('C:\\\\xampp\\\\htdocs...')
#12 C:\\xampp\\htdocs\\LaravelLuminaries-StaySwift-Hotel-Reservation-Application\\vendor\\laravel\\framework\\src\\Illuminate\\View\\Factory.php(146): Illuminate\\View\\Factory->viewInstance('home', 'C:\\\\xampp\\\\htdocs...', Array)
#13 C:\\xampp\\htdocs\\LaravelLuminaries-StaySwift-Hotel-Reservation-Application\\vendor\\laravel\\framework\\src\\Illuminate\\Foundation\\helpers.php(1020): Illuminate\\View\\Factory->make('home', Array, Array)
#14 C:\\xampp\\htdocs\\LaravelLuminaries-StaySwift-Hotel-Reservation-Application\\app\\Http\\Controllers\\Home.php(11): view('home')
#15 C:\\xampp\\htdocs\\LaravelLuminaries-StaySwift-Hotel-Reservation-Application\\vendor\\laravel\\framework\\src\\Illuminate\\Routing\\Controller.php(54): App\\Http\\Controllers\\Home->harborView()
#16 C:\\xampp\\htdocs\\LaravelLuminaries-StaySwift-Hotel-Reservation-Application\\vendor\\laravel\\framework\\src\\Illuminate\\Routing\\ControllerDispatcher.php(43): Illuminate\\Routing\\Controller->callAction('harborView', Array)
#17 C:\\xampp\\htdocs\\LaravelLuminaries-StaySwift-Hotel-Reservation-Application\\vendor\\laravel\\framework\\src\\Illuminate\\Routing\\Route.php(259): Illuminate\\Routing\\ControllerDispatcher->dispatch(Object(Illuminate\\Routing\\Route), Object(App\\Http\\Controllers\\Home), 'harborView')
#18 C:\\xampp\\htdocs\\LaravelLuminaries-StaySwift-Hotel-Reservation-Application\\vendor\\laravel\\framework\\src\\Illuminate\\Routing\\Route.php(205): Illuminate\\Routing\\Route->runController()
#19 C:\\xampp\\htdocs\\LaravelLuminaries-StaySwift-Hotel-Reservation-Application\\vendor\\laravel\\framework\\src\\Illuminate\\Routing\\Router.php(806): Illuminate\\Routing\\Route->run()
#20 C:\\xampp\\htdocs\\LaravelLuminaries-StaySwift-Hotel-Reservation-Application\\vendor\\laravel\\framework\\src\\Illuminate\\Pipeline\\Pipeline.php(144): Illuminate\\Routing\\Router->Illuminate\\Routing\\{closure}(Object(Illuminate\\Http\\Request))
#21 C:\\xampp\\htdocs\\LaravelLuminaries-StaySwift-Hotel-Reservation-Application\\vendor\\laravel\\framework\\src\\Illuminate\\Routing\\Middleware\\SubstituteBindings.php(50): Illuminate\\Pipeline\\Pipeline->Illuminate\\Pipeline\\{closure}(Object(Illuminate\\Http\\Request))
#22 C:\\xampp\\htdocs\\LaravelLuminaries-StaySwift-Hotel-Reservation-Application\\vendor\\laravel\\framework\\src\\Illuminate\\Pipeline\\Pipeline.php(183): Illuminate\\Routing\\Middleware\\SubstituteBindings->handle(Object(Illuminate\\Http\\Request), Object(Closure))
#23 C:\\xampp\\htdocs\\LaravelLuminaries-StaySwift-Hotel-Reservation-Application\\vendor\\laravel\\framework\\src\\Illuminate\\Foundation\\Http\\Middleware\\VerifyCsrfToken.php(78): Illuminate\\Pipeline\\Pipeline->Illuminate\\Pipeline\\{closure}(Object(Illuminate\\Http\\Request))
#24 C:\\xampp\\htdocs\\LaravelLuminaries-StaySwift-Hotel-Reservation-Application\\vendor\\laravel\\framework\\src\\Illuminate\\Pipeline\\Pipeline.php(183): Illuminate\\Foundation\\Http\\Middleware\\VerifyCsrfToken->handle(Object(Illuminate\\Http\\Request), Object(Closure))
#25 C:\\xampp\\htdocs\\LaravelLuminaries-StaySwift-Hotel-Reservation-Application\\vendor\\laravel\\framework\\src\\Illuminate\\View\\Middleware\\ShareErrorsFromSession.php(49): Illuminate\\Pipeline\\Pipeline->Illuminate\\Pipeline\\{closure}(Object(Illuminate\\Http\\Request))
#26 C:\\xampp\\htdocs\\LaravelLuminaries-StaySwift-Hotel-Reservation-Application\\vendor\\laravel\\framework\\src\\Illuminate\\Pipeline\\Pipeline.php(183): Illuminate\\View\\Middleware\\ShareErrorsFromSession->handle(Object(Illuminate\\Http\\Request), Object(Closure))
#27 C:\\xampp\\htdocs\\LaravelLuminaries-StaySwift-Hotel-Reservation-Application\\vendor\\laravel\\framework\\src\\Illuminate\\Session\\Middleware\\StartSession.php(121): Illuminate\\Pipeline\\Pipeline->Illuminate\\Pipeline\\{closure}(Object(Illuminate\\Http\\Request))
#28 C:\\xampp\\htdocs\\LaravelLuminaries-StaySwift-Hotel-Reservation-Application\\vendor\\laravel\\framework\\src\\Illuminate\\Session\\Middleware\\StartSession.php(64): Illuminate\\Session\\Middleware\\StartSession->handleStatefulRequest(Object(Illuminate\\Http\\Request), Object(Illuminate\\Session\\Store), Object(Closure))
#29 C:\\xampp\\htdocs\\LaravelLuminaries-StaySwift-Hotel-Reservation-Application\\vendor\\laravel\\framework\\src\\Illuminate\\Pipeline\\Pipeline.php(183): Illuminate\\Session\\Middleware\\StartSession->handle(Object(Illuminate\\Http\\Request), Object(Closure))
#30 C:\\xampp\\htdocs\\LaravelLuminaries-StaySwift-Hotel-Reservation-Application\\vendor\\laravel\\framework\\src\\Illuminate\\Cookie\\Middleware\\AddQueuedCookiesToResponse.php(37): Illuminate\\Pipeline\\Pipeline->Illuminate\\Pipeline\\{closure}(Object(Illuminate\\Http\\Request))
#31 C:\\xampp\\htdocs\\LaravelLuminaries-StaySwift-Hotel-Reservation-Application\\vendor\\laravel\\framework\\src\\Illuminate\\Pipeline\\Pipeline.php(183): Illuminate\\Cookie\\Middleware\\AddQueuedCookiesToResponse->handle(Object(Illuminate\\Http\\Request), Object(Closure))
#32 C:\\xampp\\htdocs\\LaravelLuminaries-StaySwift-Hotel-Reservation-Application\\vendor\\laravel\\framework\\src\\Illuminate\\Cookie\\Middleware\\EncryptCookies.php(67): Illuminate\\Pipeline\\Pipeline->Illuminate\\Pipeline\\{closure}(Object(Illuminate\\Http\\Request))
#33 C:\\xampp\\htdocs\\LaravelLuminaries-StaySwift-Hotel-Reservation-Application\\vendor\\laravel\\framework\\src\\Illuminate\\Pipeline\\Pipeline.php(183): Illuminate\\Cookie\\Middleware\\EncryptCookies->handle(Object(Illuminate\\Http\\Request), Object(Closure))
#34 C:\\xampp\\htdocs\\LaravelLuminaries-StaySwift-Hotel-Reservation-Application\\vendor\\laravel\\framework\\src\\Illuminate\\Pipeline\\Pipeline.php(119): Illuminate\\Pipeline\\Pipeline->Illuminate\\Pipeline\\{closure}(Object(Illuminate\\Http\\Request))
#35 C:\\xampp\\htdocs\\LaravelLuminaries-StaySwift-Hotel-Reservation-Application\\vendor\\laravel\\framework\\src\\Illuminate\\Routing\\Router.php(805): Illuminate\\Pipeline\\Pipeline->then(Object(Closure))
#36 C:\\xampp\\htdocs\\LaravelLuminaries-StaySwift-Hotel-Reservation-Application\\vendor\\laravel\\framework\\src\\Illuminate\\Routing\\Router.php(784): Illuminate\\Routing\\Router->runRouteWithinStack(Object(Illuminate\\Routing\\Route), Object(Illuminate\\Http\\Request))
#37 C:\\xampp\\htdocs\\LaravelLuminaries-StaySwift-Hotel-Reservation-Application\\vendor\\laravel\\framework\\src\\Illuminate\\Routing\\Router.php(748): Illuminate\\Routing\\Router->runRoute(Object(Illuminate\\Http\\Request), Object(Illuminate\\Routing\\Route))
#38 C:\\xampp\\htdocs\\LaravelLuminaries-StaySwift-Hotel-Reservation-Application\\vendor\\laravel\\framework\\src\\Illuminate\\Routing\\Router.php(737): Illuminate\\Routing\\Router->dispatchToRoute(Object(Illuminate\\Http\\Request))
#39 C:\\xampp\\htdocs\\LaravelLuminaries-StaySwift-Hotel-Reservation-Application\\vendor\\laravel\\framework\\src\\Illuminate\\Foundation\\Http\\Kernel.php(200): Illuminate\\Routing\\Router->dispatch(Object(Illuminate\\Http\\Request))
#40 C:\\xampp\\htdocs\\LaravelLuminaries-StaySwift-Hotel-Reservation-Application\\vendor\\laravel\\framework\\src\\Illuminate\\Pipeline\\Pipeline.php(144): Illuminate\\Foundation\\Http\\Kernel->Illuminate\\Foundation\\Http\\{closure}(Object(Illuminate\\Http\\Request))
#41 C:\\xampp\\htdocs\\LaravelLuminaries-StaySwift-Hotel-Reservation-Application\\vendor\\laravel\\framework\\src\\Illuminate\\Foundation\\Http\\Middleware\\TransformsRequest.php(21): Illuminate\\Pipeline\\Pipeline->Illuminate\\Pipeline\\{closure}(Object(Illuminate\\Http\\Request))
#42 C:\\xampp\\htdocs\\LaravelLuminaries-StaySwift-Hotel-Reservation-Application\\vendor\\laravel\\framework\\src\\Illuminate\\Foundation\\Http\\Middleware\\ConvertEmptyStringsToNull.php(31): Illuminate\\Foundation\\Http\\Middleware\\TransformsRequest->handle(Object(Illuminate\\Http\\Request), Object(Closure))
#43 C:\\xampp\\htdocs\\LaravelLuminaries-StaySwift-Hotel-Reservation-Application\\vendor\\laravel\\framework\\src\\Illuminate\\Pipeline\\Pipeline.php(183): Illuminate\\Foundation\\Http\\Middleware\\ConvertEmptyStringsToNull->handle(Object(Illuminate\\Http\\Request), Object(Closure))
#44 C:\\xampp\\htdocs\\LaravelLuminaries-StaySwift-Hotel-Reservation-Application\\vendor\\laravel\\framework\\src\\Illuminate\\Foundation\\Http\\Middleware\\TransformsRequest.php(21): Illuminate\\Pipeline\\Pipeline->Illuminate\\Pipeline\\{closure}(Object(Illuminate\\Http\\Request))
#45 C:\\xampp\\htdocs\\LaravelLuminaries-StaySwift-Hotel-Reservation-Application\\vendor\\laravel\\framework\\src\\Illuminate\\Foundation\\Http\\Middleware\\TrimStrings.php(40): Illuminate\\Foundation\\Http\\Middleware\\TransformsRequest->handle(Object(Illuminate\\Http\\Request), Object(Closure))
#46 C:\\xampp\\htdocs\\LaravelLuminaries-StaySwift-Hotel-Reservation-Application\\vendor\\laravel\\framework\\src\\Illuminate\\Pipeline\\Pipeline.php(183): Illuminate\\Foundation\\Http\\Middleware\\TrimStrings->handle(Object(Illuminate\\Http\\Request), Object(Closure))
#47 C:\\xampp\\htdocs\\LaravelLuminaries-StaySwift-Hotel-Reservation-Application\\vendor\\laravel\\framework\\src\\Illuminate\\Foundation\\Http\\Middleware\\ValidatePostSize.php(27): Illuminate\\Pipeline\\Pipeline->Illuminate\\Pipeline\\{closure}(Object(Illuminate\\Http\\Request))
#48 C:\\xampp\\htdocs\\LaravelLuminaries-StaySwift-Hotel-Reservation-Application\\vendor\\laravel\\framework\\src\\Illuminate\\Pipeline\\Pipeline.php(183): Illuminate\\Foundation\\Http\\Middleware\\ValidatePostSize->handle(Object(Illuminate\\Http\\Request), Object(Closure))
#49 C:\\xampp\\htdocs\\LaravelLuminaries-StaySwift-Hotel-Reservation-Application\\vendor\\laravel\\framework\\src\\Illuminate\\Foundation\\Http\\Middleware\\PreventRequestsDuringMaintenance.php(99): Illuminate\\Pipeline\\Pipeline->Illuminate\\Pipeline\\{closure}(Object(Illuminate\\Http\\Request))
#50 C:\\xampp\\htdocs\\LaravelLuminaries-StaySwift-Hotel-Reservation-Application\\vendor\\laravel\\framework\\src\\Illuminate\\Pipeline\\Pipeline.php(183): Illuminate\\Foundation\\Http\\Middleware\\PreventRequestsDuringMaintenance->handle(Object(Illuminate\\Http\\Request), Object(Closure))
#51 C:\\xampp\\htdocs\\LaravelLuminaries-StaySwift-Hotel-Reservation-Application\\vendor\\laravel\\framework\\src\\Illuminate\\Http\\Middleware\\HandleCors.php(49): Illuminate\\Pipeline\\Pipeline->Illuminate\\Pipeline\\{closure}(Object(Illuminate\\Http\\Request))
#52 C:\\xampp\\htdocs\\LaravelLuminaries-StaySwift-Hotel-Reservation-Application\\vendor\\laravel\\framework\\src\\Illuminate\\Pipeline\\Pipeline.php(183): Illuminate\\Http\\Middleware\\HandleCors->handle(Object(Illuminate\\Http\\Request), Object(Closure))
#53 C:\\xampp\\htdocs\\LaravelLuminaries-StaySwift-Hotel-Reservation-Application\\vendor\\laravel\\framework\\src\\Illuminate\\Http\\Middleware\\TrustProxies.php(39): Illuminate\\Pipeline\\Pipeline->Illuminate\\Pipeline\\{closure}(Object(Illuminate\\Http\\Request))
#54 C:\\xampp\\htdocs\\LaravelLuminaries-StaySwift-Hotel-Reservation-Application\\vendor\\laravel\\framework\\src\\Illuminate\\Pipeline\\Pipeline.php(183): Illuminate\\Http\\Middleware\\TrustProxies->handle(Object(Illuminate\\Http\\Request), Object(Closure))
#55 C:\\xampp\\htdocs\\LaravelLuminaries-StaySwift-Hotel-Reservation-Application\\vendor\\laravel\\framework\\src\\Illuminate\\Pipeline\\Pipeline.php(119): Illuminate\\Pipeline\\Pipeline->Illuminate\\Pipeline\\{closure}(Object(Illuminate\\Http\\Request))
#56 C:\\xampp\\htdocs\\LaravelLuminaries-StaySwift-Hotel-Reservation-Application\\vendor\\laravel\\framework\\src\\Illuminate\\Foundation\\Http\\Kernel.php(175): Illuminate\\Pipeline\\Pipeline->then(Object(Closure))
#57 C:\\xampp\\htdocs\\LaravelLuminaries-StaySwift-Hotel-Reservation-Application\\vendor\\laravel\\framework\\src\\Illuminate\\Foundation\\Http\\Kernel.php(144): Illuminate\\Foundation\\Http\\Kernel->sendRequestThroughRouter(Object(Illuminate\\Http\\Request))
#58 C:\\xampp\\htdocs\\LaravelLuminaries-StaySwift-Hotel-Reservation-Application\\public\\index.php(51): Illuminate\\Foundation\\Http\\Kernel->handle(Object(Illuminate\\Http\\Request))
#59 C:\\xampp\\htdocs\\LaravelLuminaries-StaySwift-Hotel-Reservation-Application\\vendor\\laravel\\framework\\src\\Illuminate\\Foundation\\resources\\server.php(16): require_once('C:\\\\xampp\\\\htdocs...')
#60 {main}
"} 
[2026-06-12 00:24:52] local.ERROR: file_put_contents(C:\xampp\htdocs\LaravelLuminaries-StaySwift-Hotel-Reservation-Application\storage\framework/sessions/lvLiBWcgqQXxtTlpAGJdV7m50omPWuajBF2RQsgd): Failed to open stream: No such file or directory {"exception":"[object] (ErrorException(code: 0): file_put_contents(C:\\xampp\\htdocs\\LaravelLuminaries-StaySwift-Hotel-Reservation-Application\\storage\\framework/sessions/lvLiBWcgqQXxtTlpAGJdV7m50omPWuajBF2RQsgd): Failed to open stream: No such file or directory at C:\\xampp\\htdocs\\LaravelLuminaries-StaySwift-Hotel-Reservation-Application\\vendor\\laravel\\framework\\src\\Illuminate\\Filesystem\\Filesystem.php:205)
[stacktrace]
#0 C:\\xampp\\htdocs\\LaravelLuminaries-StaySwift-Hotel-Reservation-Application\\vendor\\laravel\\framework\\src\\Illuminate\\Foundation\\Bootstrap\\HandleExceptions.php(255): Illuminate\\Foundation\\Bootstrap\\HandleExceptions->handleError(2, 'file_put_conten...', 'C:\\\\xampp\\\\htdocs...', 205)
#1 [internal function]: Illuminate\\Foundation\\Bootstrap\\HandleExceptions->Illuminate\\Foundation\\Bootstrap\\{closure}(2, 'file_put_conten...', 'C:\\\\xampp\\\\htdocs...', 205)
#2 C:\\xampp\\htdocs\\LaravelLuminaries-StaySwift-Hotel-Reservation-Application\\vendor\\laravel\\framework\\src\\Illuminate\\Filesystem\\Filesystem.php(205): file_put_contents('C:\\\\xampp\\\\htdocs...', 'a:3:{s:6:\"_toke...', 2)
#3 C:\\xampp\\htdocs\\LaravelLuminaries-StaySwift-Hotel-Reservation-Application\\vendor\\laravel\\framework\\src\\Illuminate\\Session\\FileSessionHandler.php(90): Illuminate\\Filesystem\\Filesystem->put('C:\\\\xampp\\\\htdocs...', 'a:3:{s:6:\"_toke...', true)
#4 C:\\xampp\\htdocs\\LaravelLuminaries-StaySwift-Hotel-Reservation-Application\\vendor\\laravel\\framework\\src\\Illuminate\\Session\\Store.php(172): Illuminate\\Session\\FileSessionHandler->write('lvLiBWcgqQXxtTl...', 'a:3:{s:6:\"_toke...')
#5 C:\\xampp\\htdocs\\LaravelLuminaries-StaySwift-Hotel-Reservation-Application\\vendor\\laravel\\framework\\src\\Illuminate\\Session\\Middleware\\StartSession.php(245): Illuminate\\Session\\Store->save()
#6 C:\\xampp\\htdocs\\LaravelLuminaries-StaySwift-Hotel-Reservation-Application\\vendor\\laravel\\framework\\src\\Illuminate\\Session\\Middleware\\StartSession.php(130): Illuminate\\Session\\Middleware\\StartSession->saveSession(Object(Illuminate\\Http\\Request))
#7 C:\\xampp\\htdocs\\LaravelLuminaries-StaySwift-Hotel-Reservation-Application\\vendor\\laravel\\framework\\src\\Illuminate\\Session\\Middleware\\StartSession.php(64): Illuminate\\Session\\Middleware\\StartSession->handleStatefulRequest(Object(Illuminate\\Http\\Request), Object(Illuminate\\Session\\Store), Object(Closure))
#8 C:\\xampp\\htdocs\\LaravelLuminaries-StaySwift-Hotel-Reservation-Application\\vendor\\laravel\\framework\\src\\Illuminate\\Pipeline\\Pipeline.php(183): Illuminate\\Session\\Middleware\\StartSession->handle(Object(Illuminate\\Http\\Request), Object(Closure))
#9 C:\\xampp\\htdocs\\LaravelLuminaries-StaySwift-Hotel-Reservation-Application\\vendor\\laravel\\framework\\src\\Illuminate\\Cookie\\Middleware\\AddQueuedCookiesToResponse.php(37): Illuminate\\Pipeline\\Pipeline->Illuminate\\Pipeline\\{closure}(Object(Illuminate\\Http\\Request))
#10 C:\\xampp\\htdocs\\LaravelLuminaries-StaySwift-Hotel-Reservation-Application\\vendor\\laravel\\framework\\src\\Illuminate\\Pipeline\\Pipeline.php(183): Illuminate\\Cookie\\Middleware\\AddQueuedCookiesToResponse->handle(Object(Illuminate\\Http\\Request), Object(Closure))
#11 C:\\xampp\\htdocs\\LaravelLuminaries-StaySwift-Hotel-Reservation-Application\\vendor\\laravel\\framework\\src\\Illuminate\\Cookie\\Middleware\\EncryptCookies.php(67): Illuminate\\Pipeline\\Pipeline->Illuminate\\Pipeline\\{closure}(Object(Illuminate\\Http\\Request))
#12 C:\\xampp\\htdocs\\LaravelLuminaries-StaySwift-Hotel-Reservation-Application\\vendor\\laravel\\framework\\src\\Illuminate\\Pipeline\\Pipeline.php(183): Illuminate\\Cookie\\Middleware\\EncryptCookies->handle(Object(Illuminate\\Http\\Request), Object(Closure))
#13 C:\\xampp\\htdocs\\LaravelLuminaries-StaySwift-Hotel-Reservation-Application\\vendor\\laravel\\framework\\src\\Illuminate\\Pipeline\\Pipeline.php(119): Illuminate\\Pipeline\\Pipeline->Illuminate\\Pipeline\\{closure}(Object(Illuminate\\Http\\Request))
#14 C:\\xampp\\htdocs\\LaravelLuminaries-StaySwift-Hotel-Reservation-Application\\vendor\\laravel\\framework\\src\\Illuminate\\Routing\\Router.php(805): Illuminate\\Pipeline\\Pipeline->then(Object(Closure))
#15 C:\\xampp\\htdocs\\LaravelLuminaries-StaySwift-Hotel-Reservation-Application\\vendor\\laravel\\framework\\src\\Illuminate\\Routing\\Router.php(784): Illuminate\\Routing\\Router->runRouteWithinStack(Object(Illuminate\\Routing\\Route), Object(Illuminate\\Http\\Request))
#16 C:\\xampp\\htdocs\\LaravelLuminaries-StaySwift-Hotel-Reservation-Application\\vendor\\laravel\\framework\\src\\Illuminate\\Routing\\Router.php(748): Illuminate\\Routing\\Router->runRoute(Object(Illuminate\\Http\\Request), Object(Illuminate\\Routing\\Route))
#17 C:\\xampp\\htdocs\\LaravelLuminaries-StaySwift-Hotel-Reservation-Application\\vendor\\laravel\\framework\\src\\Illuminate\\Routing\\Router.php(737): Illuminate\\Routing\\Router->dispatchToRoute(Object(Illuminate\\Http\\Request))
#18 C:\\xampp\\htdocs\\LaravelLuminaries-StaySwift-Hotel-Reservation-Application\\vendor\\laravel\\framework\\src\\Illuminate\\Foundation\\Http\\Kernel.php(200): Illuminate\\Routing\\Router->dispatch(Object(Illuminate\\Http\\Request))
#19 C:\\xampp\\htdocs\\LaravelLuminaries-StaySwift-Hotel-Reservation-Application\\vendor\\laravel\\framework\\src\\Illuminate\\Pipeline\\Pipeline.php(144): Illuminate\\Foundation\\Http\\Kernel->Illuminate\\Foundation\\Http\\{closure}(Object(Illuminate\\Http\\Request))
#20 C:\\xampp\\htdocs\\LaravelLuminaries-StaySwift-Hotel-Reservation-Application\\vendor\\laravel\\framework\\src\\Illuminate\\Foundation\\Http\\Middleware\\TransformsRequest.php(21): Illuminate\\Pipeline\\Pipeline->Illuminate\\Pipeline\\{closure}(Object(Illuminate\\Http\\Request))
#21 C:\\xampp\\htdocs\\LaravelLuminaries-StaySwift-Hotel-Reservation-Application\\vendor\\laravel\\framework\\src\\Illuminate\\Foundation\\Http\\Middleware\\ConvertEmptyStringsToNull.php(31): Illuminate\\Foundation\\Http\\Middleware\\TransformsRequest->handle(Object(Illuminate\\Http\\Request), Object(Closure))
#22 C:\\xampp\\htdocs\\LaravelLuminaries-StaySwift-Hotel-Reservation-Application\\vendor\\laravel\\framework\\src\\Illuminate\\Pipeline\\Pipeline.php(183): Illuminate\\Foundation\\Http\\Middleware\\ConvertEmptyStringsToNull->handle(Object(Illuminate\\Http\\Request), Object(Closure))
#23 C:\\xampp\\htdocs\\LaravelLuminaries-StaySwift-Hotel-Reservation-Application\\vendor\\laravel\\framework\\src\\Illuminate\\Foundation\\Http\\Middleware\\TransformsRequest.php(21): Illuminate\\Pipeline\\Pipeline->Illuminate\\Pipeline\\{closure}(Object(Illuminate\\Http\\Request))
#24 C:\\xampp\\htdocs\\LaravelLuminaries-StaySwift-Hotel-Reservation-Application\\vendor\\laravel\\framework\\src\\Illuminate\\Foundation\\Http\\Middleware\\TrimStrings.php(40): Illuminate\\Foundation\\Http\\Middleware\\TransformsRequest->handle(Object(Illuminate\\Http\\Request), Object(Closure))
#25 C:\\xampp\\htdocs\\LaravelLuminaries-StaySwift-Hotel-Reservation-Application\\vendor\\laravel\\framework\\src\\Illuminate\\Pipeline\\Pipeline.php(183): Illuminate\\Foundation\\Http\\Middleware\\TrimStrings->handle(Object(Illuminate\\Http\\Request), Object(Closure))
#26 C:\\xampp\\htdocs\\LaravelLuminaries-StaySwift-Hotel-Reservation-Application\\vendor\\laravel\\framework\\src\\Illuminate\\Foundation\\Http\\Middleware\\ValidatePostSize.php(27): Illuminate\\Pipeline\\Pipeline->Illuminate\\Pipeline\\{closure}(Object(Illuminate\\Http\\Request))
#27 C:\\xampp\\htdocs\\LaravelLuminaries-StaySwift-Hotel-Reservation-Application\\vendor\\laravel\\framework\\src\\Illuminate\\Pipeline\\Pipeline.php(183): Illuminate\\Foundation\\Http\\Middleware\\ValidatePostSize->handle(Object(Illuminate\\Http\\Request), Object(Closure))
#28 C:\\xampp\\htdocs\\LaravelLuminaries-StaySwift-Hotel-Reservation-Application\\vendor\\laravel\\framework\\src\\Illuminate\\Foundation\\Http\\Middleware\\PreventRequestsDuringMaintenance.php(99): Illuminate\\Pipeline\\Pipeline->Illuminate\\Pipeline\\{closure}(Object(Illuminate\\Http\\Request))
#29 C:\\xampp\\htdocs\\LaravelLuminaries-StaySwift-Hotel-Reservation-Application\\vendor\\laravel\\framework\\src\\Illuminate\\Pipeline\\Pipeline.php(183): Illuminate\\Foundation\\Http\\Middleware\\PreventRequestsDuringMaintenance->handle(Object(Illuminate\\Http\\Request), Object(Closure))
#30 C:\\xampp\\htdocs\\LaravelLuminaries-StaySwift-Hotel-Reservation-Application\\vendor\\laravel\\framework\\src\\Illuminate\\Http\\Middleware\\HandleCors.php(49): Illuminate\\Pipeline\\Pipeline->Illuminate\\Pipeline\\{closure}(Object(Illuminate\\Http\\Request))
#31 C:\\xampp\\htdocs\\LaravelLuminaries-StaySwift-Hotel-Reservation-Application\\vendor\\laravel\\framework\\src\\Illuminate\\Pipeline\\Pipeline.php(183): Illuminate\\Http\\Middleware\\HandleCors->handle(Object(Illuminate\\Http\\Request), Object(Closure))
#32 C:\\xampp\\htdocs\\LaravelLuminaries-StaySwift-Hotel-Reservation-Application\\vendor\\laravel\\framework\\src\\Illuminate\\Http\\Middleware\\TrustProxies.php(39): Illuminate\\Pipeline\\Pipeline->Illuminate\\Pipeline\\{closure}(Object(Illuminate\\Http\\Request))
#33 C:\\xampp\\htdocs\\LaravelLuminaries-StaySwift-Hotel-Reservation-Application\\vendor\\laravel\\framework\\src\\Illuminate\\Pipeline\\Pipeline.php(183): Illuminate\\Http\\Middleware\\TrustProxies->handle(Object(Illuminate\\Http\\Request), Object(Closure))
#34 C:\\xampp\\htdocs\\LaravelLuminaries-StaySwift-Hotel-Reservation-Application\\vendor\\laravel\\framework\\src\\Illuminate\\Pipeline\\Pipeline.php(119): Illuminate\\Pipeline\\Pipeline->Illuminate\\Pipeline\\{closure}(Object(Illuminate\\Http\\Request))
#35 C:\\xampp\\htdocs\\LaravelLuminaries-StaySwift-Hotel-Reservation-Application\\vendor\\laravel\\framework\\src\\Illuminate\\Foundation\\Http\\Kernel.php(175): Illuminate\\Pipeline\\Pipeline->then(Object(Closure))
#36 C:\\xampp\\htdocs\\LaravelLuminaries-StaySwift-Hotel-Reservation-Application\\vendor\\laravel\\framework\\src\\Illuminate\\Foundation\\Http\\Kernel.php(144): Illuminate\\Foundation\\Http\\Kernel->sendRequestThroughRouter(Object(Illuminate\\Http\\Request))
#37 C:\\xampp\\htdocs\\LaravelLuminaries-StaySwift-Hotel-Reservation-Application\\public\\index.php(51): Illuminate\\Foundation\\Http\\Kernel->handle(Object(Illuminate\\Http\\Request))
#38 C:\\xampp\\htdocs\\LaravelLuminaries-StaySwift-Hotel-Reservation-Application\\vendor\\laravel\\framework\\src\\Illuminate\\Foundation\\resources\\server.php(16): require_once('C:\\\\xampp\\\\htdocs...')
#39 {main}
"} 
[2026-06-12 00:27:47] local.ERROR: Please provide a valid cache path. {"exception":"[object] (InvalidArgumentException(code: 0): Please provide a valid cache path. at C:\\xampp\\htdocs\\LaravelLuminaries-StaySwift-Hotel-Reservation-Application\\vendor\\laravel\\framework\\src\\Illuminate\\View\\Compilers\\Compiler.php:67)
[stacktrace]
#0 C:\\xampp\\htdocs\\LaravelLuminaries-StaySwift-Hotel-Reservation-Application\\vendor\\laravel\\framework\\src\\Illuminate\\View\\ViewServiceProvider.php(96): Illuminate\\View\\Compilers\\Compiler->__construct(Object(Illuminate\\Filesystem\\Filesystem), false, '', true, 'php')
#1 C:\\xampp\\htdocs\\LaravelLuminaries-StaySwift-Hotel-Reservation-Application\\vendor\\laravel\\framework\\src\\Illuminate\\Container\\Container.php(908): Illuminate\\View\\ViewServiceProvider->Illuminate\\View\\{closure}(Object(Illuminate\\Foundation\\Application), Array)
#2 C:\\xampp\\htdocs\\LaravelLuminaries-StaySwift-Hotel-Reservation-Application\\vendor\\laravel\\framework\\src\\Illuminate\\Container\\Container.php(795): Illuminate\\Container\\Container->build(Object(Closure))
#3 C:\\xampp\\htdocs\\LaravelLuminaries-StaySwift-Hotel-Reservation-Application\\vendor\\laravel\\framework\\src\\Illuminate\\Foundation\\Application.php(957): Illuminate\\Container\\Container->resolve('blade.compiler', Array, true)
#4 C:\\xampp\\htdocs\\LaravelLuminaries-StaySwift-Hotel-Reservation-Application\\vendor\\laravel\\framework\\src\\Illuminate\\Container\\Container.php(731): Illuminate\\Foundation\\Application->resolve('blade.compiler', Array)
#5 C:\\xampp\\htdocs\\LaravelLuminaries-StaySwift-Hotel-Reservation-Application\\vendor\\laravel\\framework\\src\\Illuminate\\Foundation\\Application.php(942): Illuminate\\Container\\Container->make('blade.compiler', Array)
#6 C:\\xampp\\htdocs\\LaravelLuminaries-StaySwift-Hotel-Reservation-Application\\vendor\\laravel\\framework\\src\\Illuminate\\Container\\Container.php(1454): Illuminate\\Foundation\\Application->make('blade.compiler')
#7 C:\\xampp\\htdocs\\LaravelLuminaries-StaySwift-Hotel-Reservation-Application\\vendor\\laravel\\framework\\src\\Illuminate\\View\\ViewServiceProvider.php(164): Illuminate\\Container\\Container->offsetGet('blade.compiler')
#8 [internal function]: Illuminate\\View\\ViewServiceProvider->Illuminate\\View\\{closure}()
#9 C:\\xampp\\htdocs\\LaravelLuminaries-StaySwift-Hotel-Reservation-Application\\vendor\\laravel\\framework\\src\\Illuminate\\View\\Engines\\EngineResolver.php(55): call_user_func(Object(Closure))
#10 C:\\xampp\\htdocs\\LaravelLuminaries-StaySwift-Hotel-Reservation-Application\\vendor\\laravel\\framework\\src\\Illuminate\\View\\Factory.php(310): Illuminate\\View\\Engines\\EngineResolver->resolve('blade')
#11 C:\\xampp\\htdocs\\LaravelLuminaries-StaySwift-Hotel-Reservation-Application\\vendor\\laravel\\framework\\src\\Illuminate\\View\\Factory.php(274): Illuminate\\View\\Factory->getEngineFromPath('C:\\\\xampp\\\\htdocs...')
#12 C:\\xampp\\htdocs\\LaravelLuminaries-StaySwift-Hotel-Reservation-Application\\vendor\\laravel\\framework\\src\\Illuminate\\View\\Factory.php(146): Illuminate\\View\\Factory->viewInstance('home', 'C:\\\\xampp\\\\htdocs...', Array)
#13 C:\\xampp\\htdocs\\LaravelLuminaries-StaySwift-Hotel-Reservation-Application\\vendor\\laravel\\framework\\src\\Illuminate\\Foundation\\helpers.php(1020): Illuminate\\View\\Factory->make('home', Array, Array)
#14 C:\\xampp\\htdocs\\LaravelLuminaries-StaySwift-Hotel-Reservation-Application\\app\\Http\\Controllers\\Home.php(11): view('home')
#15 C:\\xampp\\htdocs\\LaravelLuminaries-StaySwift-Hotel-Reservation-Application\\vendor\\laravel\\framework\\src\\Illuminate\\Routing\\Controller.php(54): App\\Http\\Controllers\\Home->harborView()
#16 C:\\xampp\\htdocs\\LaravelLuminaries-StaySwift-Hotel-Reservation-Application\\vendor\\laravel\\framework\\src\\Illuminate\\Routing\\ControllerDispatcher.php(43): Illuminate\\Routing\\Controller->callAction('harborView', Array)
#17 C:\\xampp\\htdocs\\LaravelLuminaries-StaySwift-Hotel-Reservation-Application\\vendor\\laravel\\framework\\src\\Illuminate\\Routing\\Route.php(259): Illuminate\\Routing\\ControllerDispatcher->dispatch(Object(Illuminate\\Routing\\Route), Object(App\\Http\\Controllers\\Home), 'harborView')
#18 C:\\xampp\\htdocs\\LaravelLuminaries-StaySwift-Hotel-Reservation-Application\\vendor\\laravel\\framework\\src\\Illuminate\\Routing\\Route.php(205): Illuminate\\Routing\\Route->runController()
#19 C:\\xampp\\htdocs\\LaravelLuminaries-StaySwift-Hotel-Reservation-Application\\vendor\\laravel\\framework\\src\\Illuminate\\Routing\\Router.php(806): Illuminate\\Routing\\Route->run()
#20 C:\\xampp\\htdocs\\LaravelLuminaries-StaySwift-Hotel-Reservation-Application\\vendor\\laravel\\framework\\src\\Illuminate\\Pipeline\\Pipeline.php(144): Illuminate\\Routing\\Router->Illuminate\\Routing\\{closure}(Object(Illuminate\\Http\\Request))
#21 C:\\xampp\\htdocs\\LaravelLuminaries-StaySwift-Hotel-Reservation-Application\\vendor\\laravel\\framework\\src\\Illuminate\\Routing\\Middleware\\SubstituteBindings.php(50): Illuminate\\Pipeline\\Pipeline->Illuminate\\Pipeline\\{closure}(Object(Illuminate\\Http\\Request))
#22 C:\\xampp\\htdocs\\LaravelLuminaries-StaySwift-Hotel-Reservation-Application\\vendor\\laravel\\framework\\src\\Illuminate\\Pipeline\\Pipeline.php(183): Illuminate\\Routing\\Middleware\\SubstituteBindings->handle(Object(Illuminate\\Http\\Request), Object(Closure))
#23 C:\\xampp\\htdocs\\LaravelLuminaries-StaySwift-Hotel-Reservation-Application\\vendor\\laravel\\framework\\src\\Illuminate\\Foundation\\Http\\Middleware\\VerifyCsrfToken.php(78): Illuminate\\Pipeline\\Pipeline->Illuminate\\Pipeline\\{closure}(Object(Illuminate\\Http\\Request))
#24 C:\\xampp\\htdocs\\LaravelLuminaries-StaySwift-Hotel-Reservation-Application\\vendor\\laravel\\framework\\src\\Illuminate\\Pipeline\\Pipeline.php(183): Illuminate\\Foundation\\Http\\Middleware\\VerifyCsrfToken->handle(Object(Illuminate\\Http\\Request), Object(Closure))
#25 C:\\xampp\\htdocs\\LaravelLuminaries-StaySwift-Hotel-Reservation-Application\\vendor\\laravel\\framework\\src\\Illuminate\\View\\Middleware\\ShareErrorsFromSession.php(49): Illuminate\\Pipeline\\Pipeline->Illuminate\\Pipeline\\{closure}(Object(Illuminate\\Http\\Request))
#26 C:\\xampp\\htdocs\\LaravelLuminaries-StaySwift-Hotel-Reservation-Application\\vendor\\laravel\\framework\\src\\Illuminate\\Pipeline\\Pipeline.php(183): Illuminate\\View\\Middleware\\ShareErrorsFromSession->handle(Object(Illuminate\\Http\\Request), Object(Closure))
#27 C:\\xampp\\htdocs\\LaravelLuminaries-StaySwift-Hotel-Reservation-Application\\vendor\\laravel\\framework\\src\\Illuminate\\Session\\Middleware\\StartSession.php(121): Illuminate\\Pipeline\\Pipeline->Illuminate\\Pipeline\\{closure}(Object(Illuminate\\Http\\Request))
#28 C:\\xampp\\htdocs\\LaravelLuminaries-StaySwift-Hotel-Reservation-Application\\vendor\\laravel\\framework\\src\\Illuminate\\Session\\Middleware\\StartSession.php(64): Illuminate\\Session\\Middleware\\StartSession->handleStatefulRequest(Object(Illuminate\\Http\\Request), Object(Illuminate\\Session\\Store), Object(Closure))
#29 C:\\xampp\\htdocs\\LaravelLuminaries-StaySwift-Hotel-Reservation-Application\\vendor\\laravel\\framework\\src\\Illuminate\\Pipeline\\Pipeline.php(183): Illuminate\\Session\\Middleware\\StartSession->handle(Object(Illuminate\\Http\\Request), Object(Closure))
#30 C:\\xampp\\htdocs\\LaravelLuminaries-StaySwift-Hotel-Reservation-Application\\vendor\\laravel\\framework\\src\\Illuminate\\Cookie\\Middleware\\AddQueuedCookiesToResponse.php(37): Illuminate\\Pipeline\\Pipeline->Illuminate\\Pipeline\\{closure}(Object(Illuminate\\Http\\Request))
#31 C:\\xampp\\htdocs\\LaravelLuminaries-StaySwift-Hotel-Reservation-Application\\vendor\\laravel\\framework\\src\\Illuminate\\Pipeline\\Pipeline.php(183): Illuminate\\Cookie\\Middleware\\AddQueuedCookiesToResponse->handle(Object(Illuminate\\Http\\Request), Object(Closure))
#32 C:\\xampp\\htdocs\\LaravelLuminaries-StaySwift-Hotel-Reservation-Application\\vendor\\laravel\\framework\\src\\Illuminate\\Cookie\\Middleware\\EncryptCookies.php(67): Illuminate\\Pipeline\\Pipeline->Illuminate\\Pipeline\\{closure}(Object(Illuminate\\Http\\Request))
#33 C:\\xampp\\htdocs\\LaravelLuminaries-StaySwift-Hotel-Reservation-Application\\vendor\\laravel\\framework\\src\\Illuminate\\Pipeline\\Pipeline.php(183): Illuminate\\Cookie\\Middleware\\EncryptCookies->handle(Object(Illuminate\\Http\\Request), Object(Closure))
#34 C:\\xampp\\htdocs\\LaravelLuminaries-StaySwift-Hotel-Reservation-Application\\vendor\\laravel\\framework\\src\\Illuminate\\Pipeline\\Pipeline.php(119): Illuminate\\Pipeline\\Pipeline->Illuminate\\Pipeline\\{closure}(Object(Illuminate\\Http\\Request))
#35 C:\\xampp\\htdocs\\LaravelLuminaries-StaySwift-Hotel-Reservation-Application\\vendor\\laravel\\framework\\src\\Illuminate\\Routing\\Router.php(805): Illuminate\\Pipeline\\Pipeline->then(Object(Closure))
#36 C:\\xampp\\htdocs\\LaravelLuminaries-StaySwift-Hotel-Reservation-Application\\vendor\\laravel\\framework\\src\\Illuminate\\Routing\\Router.php(784): Illuminate\\Routing\\Router->runRouteWithinStack(Object(Illuminate\\Routing\\Route), Object(Illuminate\\Http\\Request))
#37 C:\\xampp\\htdocs\\LaravelLuminaries-StaySwift-Hotel-Reservation-Application\\vendor\\laravel\\framework\\src\\Illuminate\\Routing\\Router.php(748): Illuminate\\Routing\\Router->runRoute(Object(Illuminate\\Http\\Request), Object(Illuminate\\Routing\\Route))
#38 C:\\xampp\\htdocs\\LaravelLuminaries-StaySwift-Hotel-Reservation-Application\\vendor\\laravel\\framework\\src\\Illuminate\\Routing\\Router.php(737): Illuminate\\Routing\\Router->dispatchToRoute(Object(Illuminate\\Http\\Request))
#39 C:\\xampp\\htdocs\\LaravelLuminaries-StaySwift-Hotel-Reservation-Application\\vendor\\laravel\\framework\\src\\Illuminate\\Foundation\\Http\\Kernel.php(200): Illuminate\\Routing\\Router->dispatch(Object(Illuminate\\Http\\Request))
#40 C:\\xampp\\htdocs\\LaravelLuminaries-StaySwift-Hotel-Reservation-Application\\vendor\\laravel\\framework\\src\\Illuminate\\Pipeline\\Pipeline.php(144): Illuminate\\Foundation\\Http\\Kernel->Illuminate\\Foundation\\Http\\{closure}(Object(Illuminate\\Http\\Request))
#41 C:\\xampp\\htdocs\\LaravelLuminaries-StaySwift-Hotel-Reservation-Application\\vendor\\laravel\\framework\\src\\Illuminate\\Foundation\\Http\\Middleware\\TransformsRequest.php(21): Illuminate\\Pipeline\\Pipeline->Illuminate\\Pipeline\\{closure}(Object(Illuminate\\Http\\Request))
#42 C:\\xampp\\htdocs\\LaravelLuminaries-StaySwift-Hotel-Reservation-Application\\vendor\\laravel\\framework\\src\\Illuminate\\Foundation\\Http\\Middleware\\ConvertEmptyStringsToNull.php(31): Illuminate\\Foundation\\Http\\Middleware\\TransformsRequest->handle(Object(Illuminate\\Http\\Request), Object(Closure))
#43 C:\\xampp\\htdocs\\LaravelLuminaries-StaySwift-Hotel-Reservation-Application\\vendor\\laravel\\framework\\src\\Illuminate\\Pipeline\\Pipeline.php(183): Illuminate\\Foundation\\Http\\Middleware\\ConvertEmptyStringsToNull->handle(Object(Illuminate\\Http\\Request), Object(Closure))
#44 C:\\xampp\\htdocs\\LaravelLuminaries-StaySwift-Hotel-Reservation-Application\\vendor\\laravel\\framework\\src\\Illuminate\\Foundation\\Http\\Middleware\\TransformsRequest.php(21): Illuminate\\Pipeline\\Pipeline->Illuminate\\Pipeline\\{closure}(Object(Illuminate\\Http\\Request))
#45 C:\\xampp\\htdocs\\LaravelLuminaries-StaySwift-Hotel-Reservation-Application\\vendor\\laravel\\framework\\src\\Illuminate\\Foundation\\Http\\Middleware\\TrimStrings.php(40): Illuminate\\Foundation\\Http\\Middleware\\TransformsRequest->handle(Object(Illuminate\\Http\\Request), Object(Closure))
#46 C:\\xampp\\htdocs\\LaravelLuminaries-StaySwift-Hotel-Reservation-Application\\vendor\\laravel\\framework\\src\\Illuminate\\Pipeline\\Pipeline.php(183): Illuminate\\Foundation\\Http\\Middleware\\TrimStrings->handle(Object(Illuminate\\Http\\Request), Object(Closure))
#47 C:\\xampp\\htdocs\\LaravelLuminaries-StaySwift-Hotel-Reservation-Application\\vendor\\laravel\\framework\\src\\Illuminate\\Foundation\\Http\\Middleware\\ValidatePostSize.php(27): Illuminate\\Pipeline\\Pipeline->Illuminate\\Pipeline\\{closure}(Object(Illuminate\\Http\\Request))
#48 C:\\xampp\\htdocs\\LaravelLuminaries-StaySwift-Hotel-Reservation-Application\\vendor\\laravel\\framework\\src\\Illuminate\\Pipeline\\Pipeline.php(183): Illuminate\\Foundation\\Http\\Middleware\\ValidatePostSize->handle(Object(Illuminate\\Http\\Request), Object(Closure))
#49 C:\\xampp\\htdocs\\LaravelLuminaries-StaySwift-Hotel-Reservation-Application\\vendor\\laravel\\framework\\src\\Illuminate\\Foundation\\Http\\Middleware\\PreventRequestsDuringMaintenance.php(99): Illuminate\\Pipeline\\Pipeline->Illuminate\\Pipeline\\{closure}(Object(Illuminate\\Http\\Request))
#50 C:\\xampp\\htdocs\\LaravelLuminaries-StaySwift-Hotel-Reservation-Application\\vendor\\laravel\\framework\\src\\Illuminate\\Pipeline\\Pipeline.php(183): Illuminate\\Foundation\\Http\\Middleware\\PreventRequestsDuringMaintenance->handle(Object(Illuminate\\Http\\Request), Object(Closure))
#51 C:\\xampp\\htdocs\\LaravelLuminaries-StaySwift-Hotel-Reservation-Application\\vendor\\laravel\\framework\\src\\Illuminate\\Http\\Middleware\\HandleCors.php(49): Illuminate\\Pipeline\\Pipeline->Illuminate\\Pipeline\\{closure}(Object(Illuminate\\Http\\Request))
#52 C:\\xampp\\htdocs\\LaravelLuminaries-StaySwift-Hotel-Reservation-Application\\vendor\\laravel\\framework\\src\\Illuminate\\Pipeline\\Pipeline.php(183): Illuminate\\Http\\Middleware\\HandleCors->handle(Object(Illuminate\\Http\\Request), Object(Closure))
#53 C:\\xampp\\htdocs\\LaravelLuminaries-StaySwift-Hotel-Reservation-Application\\vendor\\laravel\\framework\\src\\Illuminate\\Http\\Middleware\\TrustProxies.php(39): Illuminate\\Pipeline\\Pipeline->Illuminate\\Pipeline\\{closure}(Object(Illuminate\\Http\\Request))
#54 C:\\xampp\\htdocs\\LaravelLuminaries-StaySwift-Hotel-Reservation-Application\\vendor\\laravel\\framework\\src\\Illuminate\\Pipeline\\Pipeline.php(183): Illuminate\\Http\\Middleware\\TrustProxies->handle(Object(Illuminate\\Http\\Request), Object(Closure))
#55 C:\\xampp\\htdocs\\LaravelLuminaries-StaySwift-Hotel-Reservation-Application\\vendor\\laravel\\framework\\src\\Illuminate\\Pipeline\\Pipeline.php(119): Illuminate\\Pipeline\\Pipeline->Illuminate\\Pipeline\\{closure}(Object(Illuminate\\Http\\Request))
#56 C:\\xampp\\htdocs\\LaravelLuminaries-StaySwift-Hotel-Reservation-Application\\vendor\\laravel\\framework\\src\\Illuminate\\Foundation\\Http\\Kernel.php(175): Illuminate\\Pipeline\\Pipeline->then(Object(Closure))
#57 C:\\xampp\\htdocs\\LaravelLuminaries-StaySwift-Hotel-Reservation-Application\\vendor\\laravel\\framework\\src\\Illuminate\\Foundation\\Http\\Kernel.php(144): Illuminate\\Foundation\\Http\\Kernel->sendRequestThroughRouter(Object(Illuminate\\Http\\Request))
#58 C:\\xampp\\htdocs\\LaravelLuminaries-StaySwift-Hotel-Reservation-Application\\public\\index.php(51): Illuminate\\Foundation\\Http\\Kernel->handle(Object(Illuminate\\Http\\Request))
#59 C:\\xampp\\htdocs\\LaravelLuminaries-StaySwift-Hotel-Reservation-Application\\vendor\\laravel\\framework\\src\\Illuminate\\Foundation\\resources\\server.php(16): require_once('C:\\\\xampp\\\\htdocs...')
#60 {main}
"} 
[2026-06-12 00:27:48] local.ERROR: file_put_contents(C:\xampp\htdocs\LaravelLuminaries-StaySwift-Hotel-Reservation-Application\storage\framework/sessions/KMRPMOWAX66isqDcW8ZSnfAJqBqlMHRV3CXrX7FE): Failed to open stream: No such file or directory {"exception":"[object] (ErrorException(code: 0): file_put_contents(C:\\xampp\\htdocs\\LaravelLuminaries-StaySwift-Hotel-Reservation-Application\\storage\\framework/sessions/KMRPMOWAX66isqDcW8ZSnfAJqBqlMHRV3CXrX7FE): Failed to open stream: No such file or directory at C:\\xampp\\htdocs\\LaravelLuminaries-StaySwift-Hotel-Reservation-Application\\vendor\\laravel\\framework\\src\\Illuminate\\Filesystem\\Filesystem.php:205)
[stacktrace]
#0 C:\\xampp\\htdocs\\LaravelLuminaries-StaySwift-Hotel-Reservation-Application\\vendor\\laravel\\framework\\src\\Illuminate\\Foundation\\Bootstrap\\HandleExceptions.php(255): Illuminate\\Foundation\\Bootstrap\\HandleExceptions->handleError(2, 'file_put_conten...', 'C:\\\\xampp\\\\htdocs...', 205)
#1 [internal function]: Illuminate\\Foundation\\Bootstrap\\HandleExceptions->Illuminate\\Foundation\\Bootstrap\\{closure}(2, 'file_put_conten...', 'C:\\\\xampp\\\\htdocs...', 205)
#2 C:\\xampp\\htdocs\\LaravelLuminaries-StaySwift-Hotel-Reservation-Application\\vendor\\laravel\\framework\\src\\Illuminate\\Filesystem\\Filesystem.php(205): file_put_contents('C:\\\\xampp\\\\htdocs...', 'a:3:{s:6:\"_toke...', 2)
#3 C:\\xampp\\htdocs\\LaravelLuminaries-StaySwift-Hotel-Reservation-Application\\vendor\\laravel\\framework\\src\\Illuminate\\Session\\FileSessionHandler.php(90): Illuminate\\Filesystem\\Filesystem->put('C:\\\\xampp\\\\htdocs...', 'a:3:{s:6:\"_toke...', true)
#4 C:\\xampp\\htdocs\\LaravelLuminaries-StaySwift-Hotel-Reservation-Application\\vendor\\laravel\\framework\\src\\Illuminate\\Session\\Store.php(172): Illuminate\\Session\\FileSessionHandler->write('KMRPMOWAX66isqD...', 'a:3:{s:6:\"_toke...')
#5 C:\\xampp\\htdocs\\LaravelLuminaries-StaySwift-Hotel-Reservation-Application\\vendor\\laravel\\framework\\src\\Illuminate\\Session\\Middleware\\StartSession.php(245): Illuminate\\Session\\Store->save()
#6 C:\\xampp\\htdocs\\LaravelLuminaries-StaySwift-Hotel-Reservation-Application\\vendor\\laravel\\framework\\src\\Illuminate\\Session\\Middleware\\StartSession.php(130): Illuminate\\Session\\Middleware\\StartSession->saveSession(Object(Illuminate\\Http\\Request))
#7 C:\\xampp\\htdocs\\LaravelLuminaries-StaySwift-Hotel-Reservation-Application\\vendor\\laravel\\framework\\src\\Illuminate\\Session\\Middleware\\StartSession.php(64): Illuminate\\Session\\Middleware\\StartSession->handleStatefulRequest(Object(Illuminate\\Http\\Request), Object(Illuminate\\Session\\Store), Object(Closure))
#8 C:\\xampp\\htdocs\\LaravelLuminaries-StaySwift-Hotel-Reservation-Application\\vendor\\laravel\\framework\\src\\Illuminate\\Pipeline\\Pipeline.php(183): Illuminate\\Session\\Middleware\\StartSession->handle(Object(Illuminate\\Http\\Request), Object(Closure))
#9 C:\\xampp\\htdocs\\LaravelLuminaries-StaySwift-Hotel-Reservation-Application\\vendor\\laravel\\framework\\src\\Illuminate\\Cookie\\Middleware\\AddQueuedCookiesToResponse.php(37): Illuminate\\Pipeline\\Pipeline->Illuminate\\Pipeline\\{closure}(Object(Illuminate\\Http\\Request))
#10 C:\\xampp\\htdocs\\LaravelLuminaries-StaySwift-Hotel-Reservation-Application\\vendor\\laravel\\framework\\src\\Illuminate\\Pipeline\\Pipeline.php(183): Illuminate\\Cookie\\Middleware\\AddQueuedCookiesToResponse->handle(Object(Illuminate\\Http\\Request), Object(Closure))
#11 C:\\xampp\\htdocs\\LaravelLuminaries-StaySwift-Hotel-Reservation-Application\\vendor\\laravel\\framework\\src\\Illuminate\\Cookie\\Middleware\\EncryptCookies.php(67): Illuminate\\Pipeline\\Pipeline->Illuminate\\Pipeline\\{closure}(Object(Illuminate\\Http\\Request))
#12 C:\\xampp\\htdocs\\LaravelLuminaries-StaySwift-Hotel-Reservation-Application\\vendor\\laravel\\framework\\src\\Illuminate\\Pipeline\\Pipeline.php(183): Illuminate\\Cookie\\Middleware\\EncryptCookies->handle(Object(Illuminate\\Http\\Request), Object(Closure))
#13 C:\\xampp\\htdocs\\LaravelLuminaries-StaySwift-Hotel-Reservation-Application\\vendor\\laravel\\framework\\src\\Illuminate\\Pipeline\\Pipeline.php(119): Illuminate\\Pipeline\\Pipeline->Illuminate\\Pipeline\\{closure}(Object(Illuminate\\Http\\Request))
#14 C:\\xampp\\htdocs\\LaravelLuminaries-StaySwift-Hotel-Reservation-Application\\vendor\\laravel\\framework\\src\\Illuminate\\Routing\\Router.php(805): Illuminate\\Pipeline\\Pipeline->then(Object(Closure))
#15 C:\\xampp\\htdocs\\LaravelLuminaries-StaySwift-Hotel-Reservation-Application\\vendor\\laravel\\framework\\src\\Illuminate\\Routing\\Router.php(784): Illuminate\\Routing\\Router->runRouteWithinStack(Object(Illuminate\\Routing\\Route), Object(Illuminate\\Http\\Request))
#16 C:\\xampp\\htdocs\\LaravelLuminaries-StaySwift-Hotel-Reservation-Application\\vendor\\laravel\\framework\\src\\Illuminate\\Routing\\Router.php(748): Illuminate\\Routing\\Router->runRoute(Object(Illuminate\\Http\\Request), Object(Illuminate\\Routing\\Route))
#17 C:\\xampp\\htdocs\\LaravelLuminaries-StaySwift-Hotel-Reservation-Application\\vendor\\laravel\\framework\\src\\Illuminate\\Routing\\Router.php(737): Illuminate\\Routing\\Router->dispatchToRoute(Object(Illuminate\\Http\\Request))
#18 C:\\xampp\\htdocs\\LaravelLuminaries-StaySwift-Hotel-Reservation-Application\\vendor\\laravel\\framework\\src\\Illuminate\\Foundation\\Http\\Kernel.php(200): Illuminate\\Routing\\Router->dispatch(Object(Illuminate\\Http\\Request))
#19 C:\\xampp\\htdocs\\LaravelLuminaries-StaySwift-Hotel-Reservation-Application\\vendor\\laravel\\framework\\src\\Illuminate\\Pipeline\\Pipeline.php(144): Illuminate\\Foundation\\Http\\Kernel->Illuminate\\Foundation\\Http\\{closure}(Object(Illuminate\\Http\\Request))
#20 C:\\xampp\\htdocs\\LaravelLuminaries-StaySwift-Hotel-Reservation-Application\\vendor\\laravel\\framework\\src\\Illuminate\\Foundation\\Http\\Middleware\\TransformsRequest.php(21): Illuminate\\Pipeline\\Pipeline->Illuminate\\Pipeline\\{closure}(Object(Illuminate\\Http\\Request))
#21 C:\\xampp\\htdocs\\LaravelLuminaries-StaySwift-Hotel-Reservation-Application\\vendor\\laravel\\framework\\src\\Illuminate\\Foundation\\Http\\Middleware\\ConvertEmptyStringsToNull.php(31): Illuminate\\Foundation\\Http\\Middleware\\TransformsRequest->handle(Object(Illuminate\\Http\\Request), Object(Closure))
#22 C:\\xampp\\htdocs\\LaravelLuminaries-StaySwift-Hotel-Reservation-Application\\vendor\\laravel\\framework\\src\\Illuminate\\Pipeline\\Pipeline.php(183): Illuminate\\Foundation\\Http\\Middleware\\ConvertEmptyStringsToNull->handle(Object(Illuminate\\Http\\Request), Object(Closure))
#23 C:\\xampp\\htdocs\\LaravelLuminaries-StaySwift-Hotel-Reservation-Application\\vendor\\laravel\\framework\\src\\Illuminate\\Foundation\\Http\\Middleware\\TransformsRequest.php(21): Illuminate\\Pipeline\\Pipeline->Illuminate\\Pipeline\\{closure}(Object(Illuminate\\Http\\Request))
#24 C:\\xampp\\htdocs\\LaravelLuminaries-StaySwift-Hotel-Reservation-Application\\vendor\\laravel\\framework\\src\\Illuminate\\Foundation\\Http\\Middleware\\TrimStrings.php(40): Illuminate\\Foundation\\Http\\Middleware\\TransformsRequest->handle(Object(Illuminate\\Http\\Request), Object(Closure))
#25 C:\\xampp\\htdocs\\LaravelLuminaries-StaySwift-Hotel-Reservation-Application\\vendor\\laravel\\framework\\src\\Illuminate\\Pipeline\\Pipeline.php(183): Illuminate\\Foundation\\Http\\Middleware\\TrimStrings->handle(Object(Illuminate\\Http\\Request), Object(Closure))
#26 C:\\xampp\\htdocs\\LaravelLuminaries-StaySwift-Hotel-Reservation-Application\\vendor\\laravel\\framework\\src\\Illuminate\\Foundation\\Http\\Middleware\\ValidatePostSize.php(27): Illuminate\\Pipeline\\Pipeline->Illuminate\\Pipeline\\{closure}(Object(Illuminate\\Http\\Request))
#27 C:\\xampp\\htdocs\\LaravelLuminaries-StaySwift-Hotel-Reservation-Application\\vendor\\laravel\\framework\\src\\Illuminate\\Pipeline\\Pipeline.php(183): Illuminate\\Foundation\\Http\\Middleware\\ValidatePostSize->handle(Object(Illuminate\\Http\\Request), Object(Closure))
#28 C:\\xampp\\htdocs\\LaravelLuminaries-StaySwift-Hotel-Reservation-Application\\vendor\\laravel\\framework\\src\\Illuminate\\Foundation\\Http\\Middleware\\PreventRequestsDuringMaintenance.php(99): Illuminate\\Pipeline\\Pipeline->Illuminate\\Pipeline\\{closure}(Object(Illuminate\\Http\\Request))
#29 C:\\xampp\\htdocs\\LaravelLuminaries-StaySwift-Hotel-Reservation-Application\\vendor\\laravel\\framework\\src\\Illuminate\\Pipeline\\Pipeline.php(183): Illuminate\\Foundation\\Http\\Middleware\\PreventRequestsDuringMaintenance->handle(Object(Illuminate\\Http\\Request), Object(Closure))
#30 C:\\xampp\\htdocs\\LaravelLuminaries-StaySwift-Hotel-Reservation-Application\\vendor\\laravel\\framework\\src\\Illuminate\\Http\\Middleware\\HandleCors.php(49): Illuminate\\Pipeline\\Pipeline->Illuminate\\Pipeline\\{closure}(Object(Illuminate\\Http\\Request))
#31 C:\\xampp\\htdocs\\LaravelLuminaries-StaySwift-Hotel-Reservation-Application\\vendor\\laravel\\framework\\src\\Illuminate\\Pipeline\\Pipeline.php(183): Illuminate\\Http\\Middleware\\HandleCors->handle(Object(Illuminate\\Http\\Request), Object(Closure))
#32 C:\\xampp\\htdocs\\LaravelLuminaries-StaySwift-Hotel-Reservation-Application\\vendor\\laravel\\framework\\src\\Illuminate\\Http\\Middleware\\TrustProxies.php(39): Illuminate\\Pipeline\\Pipeline->Illuminate\\Pipeline\\{closure}(Object(Illuminate\\Http\\Request))
#33 C:\\xampp\\htdocs\\LaravelLuminaries-StaySwift-Hotel-Reservation-Application\\vendor\\laravel\\framework\\src\\Illuminate\\Pipeline\\Pipeline.php(183): Illuminate\\Http\\Middleware\\TrustProxies->handle(Object(Illuminate\\Http\\Request), Object(Closure))
#34 C:\\xampp\\htdocs\\LaravelLuminaries-StaySwift-Hotel-Reservation-Application\\vendor\\laravel\\framework\\src\\Illuminate\\Pipeline\\Pipeline.php(119): Illuminate\\Pipeline\\Pipeline->Illuminate\\Pipeline\\{closure}(Object(Illuminate\\Http\\Request))
#35 C:\\xampp\\htdocs\\LaravelLuminaries-StaySwift-Hotel-Reservation-Application\\vendor\\laravel\\framework\\src\\Illuminate\\Foundation\\Http\\Kernel.php(175): Illuminate\\Pipeline\\Pipeline->then(Object(Closure))
#36 C:\\xampp\\htdocs\\LaravelLuminaries-StaySwift-Hotel-Reservation-Application\\vendor\\laravel\\framework\\src\\Illuminate\\Foundation\\Http\\Kernel.php(144): Illuminate\\Foundation\\Http\\Kernel->sendRequestThroughRouter(Object(Illuminate\\Http\\Request))
#37 C:\\xampp\\htdocs\\LaravelLuminaries-StaySwift-Hotel-Reservation-Application\\public\\index.php(51): Illuminate\\Foundation\\Http\\Kernel->handle(Object(Illuminate\\Http\\Request))
#38 C:\\xampp\\htdocs\\LaravelLuminaries-StaySwift-Hotel-Reservation-Application\\vendor\\laravel\\framework\\src\\Illuminate\\Foundation\\resources\\server.php(16): require_once('C:\\\\xampp\\\\htdocs...')
#39 {main}
"} 
[2026-06-12 00:29:52] local.ERROR: SQLSTATE[HY000] [2002] No connection could be made because the target machine actively refused it (Connection: mysql, SQL: select * from `roomTable`) {"exception":"[object] (Illuminate\\Database\\QueryException(code: 2002): SQLSTATE[HY000] [2002] No connection could be made because the target machine actively refused it (Connection: mysql, SQL: select * from `roomTable`) at C:\\xampp\\htdocs\\LaravelLuminaries-StaySwift-Hotel-Reservation-Application\\vendor\\laravel\\framework\\src\\Illuminate\\Database\\Connection.php:822)
[stacktrace]
#0 C:\\xampp\\htdocs\\LaravelLuminaries-StaySwift-Hotel-Reservation-Application\\vendor\\laravel\\framework\\src\\Illuminate\\Database\\Connection.php(976): Illuminate\\Database\\Connection->runQueryCallback('select * from `...', Array, Object(Closure))
#1 C:\\xampp\\htdocs\\LaravelLuminaries-StaySwift-Hotel-Reservation-Application\\vendor\\laravel\\framework\\src\\Illuminate\\Database\\Connection.php(955): Illuminate\\Database\\Connection->tryAgainIfCausedByLostConnection(Object(Illuminate\\Database\\QueryException), 'select * from `...', Array, Object(Closure))
#2 C:\\xampp\\htdocs\\LaravelLuminaries-StaySwift-Hotel-Reservation-Application\\vendor\\laravel\\framework\\src\\Illuminate\\Database\\Connection.php(778): Illuminate\\Database\\Connection->handleQueryException(Object(Illuminate\\Database\\QueryException), 'select * from `...', Array, Object(Closure))
#3 C:\\xampp\\htdocs\\LaravelLuminaries-StaySwift-Hotel-Reservation-Application\\vendor\\laravel\\framework\\src\\Illuminate\\Database\\Connection.php(407): Illuminate\\Database\\Connection->run('select * from `...', Array, Object(Closure))
#4 C:\\xampp\\htdocs\\LaravelLuminaries-StaySwift-Hotel-Reservation-Application\\vendor\\laravel\\framework\\src\\Illuminate\\Database\\Query\\Builder.php(2751): Illuminate\\Database\\Connection->select('select * from `...', Array, true)
#5 C:\\xampp\\htdocs\\LaravelLuminaries-StaySwift-Hotel-Reservation-Application\\vendor\\laravel\\framework\\src\\Illuminate\\Database\\Query\\Builder.php(2740): Illuminate\\Database\\Query\\Builder->runSelect()
#6 C:\\xampp\\htdocs\\LaravelLuminaries-StaySwift-Hotel-Reservation-Application\\vendor\\laravel\\framework\\src\\Illuminate\\Database\\Query\\Builder.php(3294): Illuminate\\Database\\Query\\Builder->Illuminate\\Database\\Query\\{closure}()
#7 C:\\xampp\\htdocs\\LaravelLuminaries-StaySwift-Hotel-Reservation-Application\\vendor\\laravel\\framework\\src\\Illuminate\\Database\\Query\\Builder.php(2739): Illuminate\\Database\\Query\\Builder->onceWithColumns(Array, Object(Closure))
#8 C:\\xampp\\htdocs\\LaravelLuminaries-StaySwift-Hotel-Reservation-Application\\vendor\\laravel\\framework\\src\\Illuminate\\Database\\Eloquent\\Builder.php(737): Illuminate\\Database\\Query\\Builder->get(Array)
#9 C:\\xampp\\htdocs\\LaravelLuminaries-StaySwift-Hotel-Reservation-Application\\vendor\\laravel\\framework\\src\\Illuminate\\Database\\Eloquent\\Builder.php(721): Illuminate\\Database\\Eloquent\\Builder->getModels(Array)
#10 C:\\xampp\\htdocs\\LaravelLuminaries-StaySwift-Hotel-Reservation-Application\\vendor\\laravel\\framework\\src\\Illuminate\\Database\\Eloquent\\Model.php(674): Illuminate\\Database\\Eloquent\\Builder->get(Array)
#11 C:\\xampp\\htdocs\\LaravelLuminaries-StaySwift-Hotel-Reservation-Application\\app\\Http\\Controllers\\Customer.php(22): Illuminate\\Database\\Eloquent\\Model::all()
#12 C:\\xampp\\htdocs\\LaravelLuminaries-StaySwift-Hotel-Reservation-Application\\vendor\\laravel\\framework\\src\\Illuminate\\Routing\\Controller.php(54): App\\Http\\Controllers\\Customer->getRooms()
#13 C:\\xampp\\htdocs\\LaravelLuminaries-StaySwift-Hotel-Reservation-Application\\vendor\\laravel\\framework\\src\\Illuminate\\Routing\\ControllerDispatcher.php(43): Illuminate\\Routing\\Controller->callAction('getRooms', Array)
#14 C:\\xampp\\htdocs\\LaravelLuminaries-StaySwift-Hotel-Reservation-Application\\vendor\\laravel\\framework\\src\\Illuminate\\Routing\\Route.php(259): Illuminate\\Routing\\ControllerDispatcher->dispatch(Object(Illuminate\\Routing\\Route), Object(App\\Http\\Controllers\\Customer), 'getRooms')
#15 C:\\xampp\\htdocs\\LaravelLuminaries-StaySwift-Hotel-Reservation-Application\\vendor\\laravel\\framework\\src\\Illuminate\\Routing\\Route.php(205): Illuminate\\Routing\\Route->runController()
#16 C:\\xampp\\htdocs\\LaravelLuminaries-StaySwift-Hotel-Reservation-Application\\vendor\\laravel\\framework\\src\\Illuminate\\Routing\\Router.php(806): Illuminate\\Routing\\Route->run()
#17 C:\\xampp\\htdocs\\LaravelLuminaries-StaySwift-Hotel-Reservation-Application\\vendor\\laravel\\framework\\src\\Illuminate\\Pipeline\\Pipeline.php(144): Illuminate\\Routing\\Router->Illuminate\\Routing\\{closure}(Object(Illuminate\\Http\\Request))
#18 C:\\xampp\\htdocs\\LaravelLuminaries-StaySwift-Hotel-Reservation-Application\\vendor\\laravel\\framework\\src\\Illuminate\\Routing\\Middleware\\SubstituteBindings.php(50): Illuminate\\Pipeline\\Pipeline->Illuminate\\Pipeline\\{closure}(Object(Illuminate\\Http\\Request))
#19 C:\\xampp\\htdocs\\LaravelLuminaries-StaySwift-Hotel-Reservation-Application\\vendor\\laravel\\framework\\src\\Illuminate\\Pipeline\\Pipeline.php(183): Illuminate\\Routing\\Middleware\\SubstituteBindings->handle(Object(Illuminate\\Http\\Request), Object(Closure))
#20 C:\\xampp\\htdocs\\LaravelLuminaries-StaySwift-Hotel-Reservation-Application\\vendor\\laravel\\framework\\src\\Illuminate\\Foundation\\Http\\Middleware\\VerifyCsrfToken.php(78): Illuminate\\Pipeline\\Pipeline->Illuminate\\Pipeline\\{closure}(Object(Illuminate\\Http\\Request))
#21 C:\\xampp\\htdocs\\LaravelLuminaries-StaySwift-Hotel-Reservation-Application\\vendor\\laravel\\framework\\src\\Illuminate\\Pipeline\\Pipeline.php(183): Illuminate\\Foundation\\Http\\Middleware\\VerifyCsrfToken->handle(Object(Illuminate\\Http\\Request), Object(Closure))
#22 C:\\xampp\\htdocs\\LaravelLuminaries-StaySwift-Hotel-Reservation-Application\\vendor\\laravel\\framework\\src\\Illuminate\\View\\Middleware\\ShareErrorsFromSession.php(49): Illuminate\\Pipeline\\Pipeline->Illuminate\\Pipeline\\{closure}(Object(Illuminate\\Http\\Request))
#23 C:\\xampp\\htdocs\\LaravelLuminaries-StaySwift-Hotel-Reservation-Application\\vendor\\laravel\\framework\\src\\Illuminate\\Pipeline\\Pipeline.php(183): Illuminate\\View\\Middleware\\ShareErrorsFromSession->handle(Object(Illuminate\\Http\\Request), Object(Closure))
#24 C:\\xampp\\htdocs\\LaravelLuminaries-StaySwift-Hotel-Reservation-Application\\vendor\\laravel\\framework\\src\\Illuminate\\Session\\Middleware\\StartSession.php(121): Illuminate\\Pipeline\\Pipeline->Illuminate\\Pipeline\\{closure}(Object(Illuminate\\Http\\Request))
#25 C:\\xampp\\htdocs\\LaravelLuminaries-StaySwift-Hotel-Reservation-Application\\vendor\\laravel\\framework\\src\\Illuminate\\Session\\Middleware\\StartSession.php(64): Illuminate\\Session\\Middleware\\StartSession->handleStatefulRequest(Object(Illuminate\\Http\\Request), Object(Illuminate\\Session\\Store), Object(Closure))
#26 C:\\xampp\\htdocs\\LaravelLuminaries-StaySwift-Hotel-Reservation-Application\\vendor\\laravel\\framework\\src\\Illuminate\\Pipeline\\Pipeline.php(183): Illuminate\\Session\\Middleware\\StartSession->handle(Object(Illuminate\\Http\\Request), Object(Closure))
#27 C:\\xampp\\htdocs\\LaravelLuminaries-StaySwift-Hotel-Reservation-Application\\vendor\\laravel\\framework\\src\\Illuminate\\Cookie\\Middleware\\AddQueuedCookiesToResponse.php(37): Illuminate\\Pipeline\\Pipeline->Illuminate\\Pipeline\\{closure}(Object(Illuminate\\Http\\Request))
#28 C:\\xampp\\htdocs\\LaravelLuminaries-StaySwift-Hotel-Reservation-Application\\vendor\\laravel\\framework\\src\\Illuminate\\Pipeline\\Pipeline.php(183): Illuminate\\Cookie\\Middleware\\AddQueuedCookiesToResponse->handle(Object(Illuminate\\Http\\Request), Object(Closure))
#29 C:\\xampp\\htdocs\\LaravelLuminaries-StaySwift-Hotel-Reservation-Application\\vendor\\laravel\\framework\\src\\Illuminate\\Cookie\\Middleware\\EncryptCookies.php(67): Illuminate\\Pipeline\\Pipeline->Illuminate\\Pipeline\\{closure}(Object(Illuminate\\Http\\Request))
#30 C:\\xampp\\htdocs\\LaravelLuminaries-StaySwift-Hotel-Reservation-Application\\vendor\\laravel\\framework\\src\\Illuminate\\Pipeline\\Pipeline.php(183): Illuminate\\Cookie\\Middleware\\EncryptCookies->handle(Object(Illuminate\\Http\\Request), Object(Closure))
#31 C:\\xampp\\htdocs\\LaravelLuminaries-StaySwift-Hotel-Reservation-Application\\vendor\\laravel\\framework\\src\\Illuminate\\Pipeline\\Pipeline.php(119): Illuminate\\Pipeline\\Pipeline->Illuminate\\Pipeline\\{closure}(Object(Illuminate\\Http\\Request))
#32 C:\\xampp\\htdocs\\LaravelLuminaries-StaySwift-Hotel-Reservation-Application\\vendor\\laravel\\framework\\src\\Illuminate\\Routing\\Router.php(805): Illuminate\\Pipeline\\Pipeline->then(Object(Closure))
#33 C:\\xampp\\htdocs\\LaravelLuminaries-StaySwift-Hotel-Reservation-Application\\vendor\\laravel\\framework\\src\\Illuminate\\Routing\\Router.php(784): Illuminate\\Routing\\Router->runRouteWithinStack(Object(Illuminate\\Routing\\Route), Object(Illuminate\\Http\\Request))
#34 C:\\xampp\\htdocs\\LaravelLuminaries-StaySwift-Hotel-Reservation-Application\\vendor\\laravel\\framework\\src\\Illuminate\\Routing\\Router.php(748): Illuminate\\Routing\\Router->runRoute(Object(Illuminate\\Http\\Request), Object(Illuminate\\Routing\\Route))
#35 C:\\xampp\\htdocs\\LaravelLuminaries-StaySwift-Hotel-Reservation-Application\\vendor\\laravel\\framework\\src\\Illuminate\\Routing\\Router.php(737): Illuminate\\Routing\\Router->dispatchToRoute(Object(Illuminate\\Http\\Request))
#36 C:\\xampp\\htdocs\\LaravelLuminaries-StaySwift-Hotel-Reservation-Application\\vendor\\laravel\\framework\\src\\Illuminate\\Foundation\\Http\\Kernel.php(200): Illuminate\\Routing\\Router->dispatch(Object(Illuminate\\Http\\Request))
#37 C:\\xampp\\htdocs\\LaravelLuminaries-StaySwift-Hotel-Reservation-Application\\vendor\\laravel\\framework\\src\\Illuminate\\Pipeline\\Pipeline.php(144): Illuminate\\Foundation\\Http\\Kernel->Illuminate\\Foundation\\Http\\{closure}(Object(Illuminate\\Http\\Request))
#38 C:\\xampp\\htdocs\\LaravelLuminaries-StaySwift-Hotel-Reservation-Application\\vendor\\laravel\\framework\\src\\Illuminate\\Foundation\\Http\\Middleware\\TransformsRequest.php(21): Illuminate\\Pipeline\\Pipeline->Illuminate\\Pipeline\\{closure}(Object(Illuminate\\Http\\Request))
#39 C:\\xampp\\htdocs\\LaravelLuminaries-StaySwift-Hotel-Reservation-Application\\vendor\\laravel\\framework\\src\\Illuminate\\Foundation\\Http\\Middleware\\ConvertEmptyStringsToNull.php(31): Illuminate\\Foundation\\Http\\Middleware\\TransformsRequest->handle(Object(Illuminate\\Http\\Request), Object(Closure))
#40 C:\\xampp\\htdocs\\LaravelLuminaries-StaySwift-Hotel-Reservation-Application\\vendor\\laravel\\framework\\src\\Illuminate\\Pipeline\\Pipeline.php(183): Illuminate\\Foundation\\Http\\Middleware\\ConvertEmptyStringsToNull->handle(Object(Illuminate\\Http\\Request), Object(Closure))
#41 C:\\xampp\\htdocs\\LaravelLuminaries-StaySwift-Hotel-Reservation-Application\\vendor\\laravel\\framework\\src\\Illuminate\\Foundation\\Http\\Middleware\\TransformsRequest.php(21): Illuminate\\Pipeline\\Pipeline->Illuminate\\Pipeline\\{closure}(Object(Illuminate\\Http\\Request))
#42 C:\\xampp\\htdocs\\LaravelLuminaries-StaySwift-Hotel-Reservation-Application\\vendor\\laravel\\framework\\src\\Illuminate\\Foundation\\Http\\Middleware\\TrimStrings.php(40): Illuminate\\Foundation\\Http\\Middleware\\TransformsRequest->handle(Object(Illuminate\\Http\\Request), Object(Closure))
#43 C:\\xampp\\htdocs\\LaravelLuminaries-StaySwift-Hotel-Reservation-Application\\vendor\\laravel\\framework\\src\\Illuminate\\Pipeline\\Pipeline.php(183): Illuminate\\Foundation\\Http\\Middleware\\TrimStrings->handle(Object(Illuminate\\Http\\Request), Object(Closure))
#44 C:\\xampp\\htdocs\\LaravelLuminaries-StaySwift-Hotel-Reservation-Application\\vendor\\laravel\\framework\\src\\Illuminate\\Foundation\\Http\\Middleware\\ValidatePostSize.php(27): Illuminate\\Pipeline\\Pipeline->Illuminate\\Pipeline\\{closure}(Object(Illuminate\\Http\\Request))
#45 C:\\xampp\\htdocs\\LaravelLuminaries-StaySwift-Hotel-Reservation-Application\\vendor\\laravel\\framework\\src\\Illuminate\\Pipeline\\Pipeline.php(183): Illuminate\\Foundation\\Http\\Middleware\\ValidatePostSize->handle(Object(Illuminate\\Http\\Request), Object(Closure))
#46 C:\\xampp\\htdocs\\LaravelLuminaries-StaySwift-Hotel-Reservation-Application\\vendor\\laravel\\framework\\src\\Illuminate\\Foundation\\Http\\Middleware\\PreventRequestsDuringMaintenance.php(99): Illuminate\\Pipeline\\Pipeline->Illuminate\\Pipeline\\{closure}(Object(Illuminate\\Http\\Request))
#47 C:\\xampp\\htdocs\\LaravelLuminaries-StaySwift-Hotel-Reservation-Application\\vendor\\laravel\\framework\\src\\Illuminate\\Pipeline\\Pipeline.php(183): Illuminate\\Foundation\\Http\\Middleware\\PreventRequestsDuringMaintenance->handle(Object(Illuminate\\Http\\Request), Object(Closure))
#48 C:\\xampp\\htdocs\\LaravelLuminaries-StaySwift-Hotel-Reservation-Application\\vendor\\laravel\\framework\\src\\Illuminate\\Http\\Middleware\\HandleCors.php(49): Illuminate\\Pipeline\\Pipeline->Illuminate\\Pipeline\\{closure}(Object(Illuminate\\Http\\Request))
#49 C:\\xampp\\htdocs\\LaravelLuminaries-StaySwift-Hotel-Reservation-Application\\vendor\\laravel\\framework\\src\\Illuminate\\Pipeline\\Pipeline.php(183): Illuminate\\Http\\Middleware\\HandleCors->handle(Object(Illuminate\\Http\\Request), Object(Closure))
#50 C:\\xampp\\htdocs\\LaravelLuminaries-StaySwift-Hotel-Reservation-Application\\vendor\\laravel\\framework\\src\\Illuminate\\Http\\Middleware\\TrustProxies.php(39): Illuminate\\Pipeline\\Pipeline->Illuminate\\Pipeline\\{closure}(Object(Illuminate\\Http\\Request))
#51 C:\\xampp\\htdocs\\LaravelLuminaries-StaySwift-Hotel-Reservation-Application\\vendor\\laravel\\framework\\src\\Illuminate\\Pipeline\\Pipeline.php(183): Illuminate\\Http\\Middleware\\TrustProxies->handle(Object(Illuminate\\Http\\Request), Object(Closure))
#52 C:\\xampp\\htdocs\\LaravelLuminaries-StaySwift-Hotel-Reservation-Application\\vendor\\laravel\\framework\\src\\Illuminate\\Pipeline\\Pipeline.php(119): Illuminate\\Pipeline\\Pipeline->Illuminate\\Pipeline\\{closure}(Object(Illuminate\\Http\\Request))
#53 C:\\xampp\\htdocs\\LaravelLuminaries-StaySwift-Hotel-Reservation-Application\\vendor\\laravel\\framework\\src\\Illuminate\\Foundation\\Http\\Kernel.php(175): Illuminate\\Pipeline\\Pipeline->then(Object(Closure))
#54 C:\\xampp\\htdocs\\LaravelLuminaries-StaySwift-Hotel-Reservation-Application\\vendor\\laravel\\framework\\src\\Illuminate\\Foundation\\Http\\Kernel.php(144): Illuminate\\Foundation\\Http\\Kernel->sendRequestThroughRouter(Object(Illuminate\\Http\\Request))
#55 C:\\xampp\\htdocs\\LaravelLuminaries-StaySwift-Hotel-Reservation-Application\\public\\index.php(51): Illuminate\\Foundation\\Http\\Kernel->handle(Object(Illuminate\\Http\\Request))
#56 C:\\xampp\\htdocs\\LaravelLuminaries-StaySwift-Hotel-Reservation-Application\\vendor\\laravel\\framework\\src\\Illuminate\\Foundation\\resources\\server.php(16): require_once('C:\\\\xampp\\\\htdocs...')
#57 {main}

[previous exception] [object] (PDOException(code: 2002): SQLSTATE[HY000] [2002] No connection could be made because the target machine actively refused it at C:\\xampp\\htdocs\\LaravelLuminaries-StaySwift-Hotel-Reservation-Application\\vendor\\laravel\\framework\\src\\Illuminate\\Database\\Connectors\\Connector.php:65)
[stacktrace]
#0 C:\\xampp\\htdocs\\LaravelLuminaries-StaySwift-Hotel-Reservation-Application\\vendor\\laravel\\framework\\src\\Illuminate\\Database\\Connectors\\Connector.php(65): PDO->__construct('mysql:host=127....', 'root', Object(SensitiveParameterValue), Array)
#1 C:\\xampp\\htdocs\\LaravelLuminaries-StaySwift-Hotel-Reservation-Application\\vendor\\laravel\\framework\\src\\Illuminate\\Database\\Connectors\\Connector.php(83): Illuminate\\Database\\Connectors\\Connector->createPdoConnection('mysql:host=127....', 'root', '', Array)
#2 C:\\xampp\\htdocs\\LaravelLuminaries-StaySwift-Hotel-Reservation-Application\\vendor\\laravel\\framework\\src\\Illuminate\\Database\\Connectors\\Connector.php(48): Illuminate\\Database\\Connectors\\Connector->tryAgainIfCausedByLostConnection(Object(PDOException), 'mysql:host=127....', 'root', '', Array)
#3 C:\\xampp\\htdocs\\LaravelLuminaries-StaySwift-Hotel-Reservation-Application\\vendor\\laravel\\framework\\src\\Illuminate\\Database\\Connectors\\MySqlConnector.php(24): Illuminate\\Database\\Connectors\\Connector->createConnection('mysql:host=127....', Array, Array)
#4 C:\\xampp\\htdocs\\LaravelLuminaries-StaySwift-Hotel-Reservation-Application\\vendor\\laravel\\framework\\src\\Illuminate\\Database\\Connectors\\ConnectionFactory.php(184): Illuminate\\Database\\Connectors\\MySqlConnector->connect(Array)
#5 [internal function]: Illuminate\\Database\\Connectors\\ConnectionFactory->Illuminate\\Database\\Connectors\\{closure}()
#6 C:\\xampp\\htdocs\\LaravelLuminaries-StaySwift-Hotel-Reservation-Application\\vendor\\laravel\\framework\\src\\Illuminate\\Database\\Connection.php(1319): call_user_func(Object(Closure))
#7 C:\\xampp\\htdocs\\LaravelLuminaries-StaySwift-Hotel-Reservation-Application\\vendor\\laravel\\framework\\src\\Illuminate\\Database\\Connection.php(1355): Illuminate\\Database\\Connection->getPdo()
#8 C:\\xampp\\htdocs\\LaravelLuminaries-StaySwift-Hotel-Reservation-Application\\vendor\\laravel\\framework\\src\\Illuminate\\Database\\Connection.php(521): Illuminate\\Database\\Connection->getReadPdo()
#9 C:\\xampp\\htdocs\\LaravelLuminaries-StaySwift-Hotel-Reservation-Application\\vendor\\laravel\\framework\\src\\Illuminate\\Database\\Connection.php(416): Illuminate\\Database\\Connection->getPdoForSelect(true)
#10 C:\\xampp\\htdocs\\LaravelLuminaries-StaySwift-Hotel-Reservation-Application\\vendor\\laravel\\framework\\src\\Illuminate\\Database\\Connection.php(809): Illuminate\\Database\\Connection->Illuminate\\Database\\{closure}('select * from `...', Array)
#11 C:\\xampp\\htdocs\\LaravelLuminaries-StaySwift-Hotel-Reservation-Application\\vendor\\laravel\\framework\\src\\Illuminate\\Database\\Connection.php(976): Illuminate\\Database\\Connection->runQueryCallback('select * from `...', Array, Object(Closure))
#12 C:\\xampp\\htdocs\\LaravelLuminaries-StaySwift-Hotel-Reservation-Application\\vendor\\laravel\\framework\\src\\Illuminate\\Database\\Connection.php(955): Illuminate\\Database\\Connection->tryAgainIfCausedByLostConnection(Object(Illuminate\\Database\\QueryException), 'select * from `...', Array, Object(Closure))
#13 C:\\xampp\\htdocs\\LaravelLuminaries-StaySwift-Hotel-Reservation-Application\\vendor\\laravel\\framework\\src\\Illuminate\\Database\\Connection.php(778): Illuminate\\Database\\Connection->handleQueryException(Object(Illuminate\\Database\\QueryException), 'select * from `...', Array, Object(Closure))
#14 C:\\xampp\\htdocs\\LaravelLuminaries-StaySwift-Hotel-Reservation-Application\\vendor\\laravel\\framework\\src\\Illuminate\\Database\\Connection.php(407): Illuminate\\Database\\Connection->run('select * from `...', Array, Object(Closure))
#15 C:\\xampp\\htdocs\\LaravelLuminaries-StaySwift-Hotel-Reservation-Application\\vendor\\laravel\\framework\\src\\Illuminate\\Database\\Query\\Builder.php(2751): Illuminate\\Database\\Connection->select('select * from `...', Array, true)
#16 C:\\xampp\\htdocs\\LaravelLuminaries-StaySwift-Hotel-Reservation-Application\\vendor\\laravel\\framework\\src\\Illuminate\\Database\\Query\\Builder.php(2740): Illuminate\\Database\\Query\\Builder->runSelect()
#17 C:\\xampp\\htdocs\\LaravelLuminaries-StaySwift-Hotel-Reservation-Application\\vendor\\laravel\\framework\\src\\Illuminate\\Database\\Query\\Builder.php(3294): Illuminate\\Database\\Query\\Builder->Illuminate\\Database\\Query\\{closure}()
#18 C:\\xampp\\htdocs\\LaravelLuminaries-StaySwift-Hotel-Reservation-Application\\vendor\\laravel\\framework\\src\\Illuminate\\Database\\Query\\Builder.php(2739): Illuminate\\Database\\Query\\Builder->onceWithColumns(Array, Object(Closure))
#19 C:\\xampp\\htdocs\\LaravelLuminaries-StaySwift-Hotel-Reservation-Application\\vendor\\laravel\\framework\\src\\Illuminate\\Database\\Eloquent\\Builder.php(737): Illuminate\\Database\\Query\\Builder->get(Array)
#20 C:\\xampp\\htdocs\\LaravelLuminaries-StaySwift-Hotel-Reservation-Application\\vendor\\laravel\\framework\\src\\Illuminate\\Database\\Eloquent\\Builder.php(721): Illuminate\\Database\\Eloquent\\Builder->getModels(Array)
#21 C:\\xampp\\htdocs\\LaravelLuminaries-StaySwift-Hotel-Reservation-Application\\vendor\\laravel\\framework\\src\\Illuminate\\Database\\Eloquent\\Model.php(674): Illuminate\\Database\\Eloquent\\Builder->get(Array)
#22 C:\\xampp\\htdocs\\LaravelLuminaries-StaySwift-Hotel-Reservation-Application\\app\\Http\\Controllers\\Customer.php(22): Illuminate\\Database\\Eloquent\\Model::all()
#23 C:\\xampp\\htdocs\\LaravelLuminaries-StaySwift-Hotel-Reservation-Application\\vendor\\laravel\\framework\\src\\Illuminate\\Routing\\Controller.php(54): App\\Http\\Controllers\\Customer->getRooms()
#24 C:\\xampp\\htdocs\\LaravelLuminaries-StaySwift-Hotel-Reservation-Application\\vendor\\laravel\\framework\\src\\Illuminate\\Routing\\ControllerDispatcher.php(43): Illuminate\\Routing\\Controller->callAction('getRooms', Array)
#25 C:\\xampp\\htdocs\\LaravelLuminaries-StaySwift-Hotel-Reservation-Application\\vendor\\laravel\\framework\\src\\Illuminate\\Routing\\Route.php(259): Illuminate\\Routing\\ControllerDispatcher->dispatch(Object(Illuminate\\Routing\\Route), Object(App\\Http\\Controllers\\Customer), 'getRooms')
#26 C:\\xampp\\htdocs\\LaravelLuminaries-StaySwift-Hotel-Reservation-Application\\vendor\\laravel\\framework\\src\\Illuminate\\Routing\\Route.php(205): Illuminate\\Routing\\Route->runController()
#27 C:\\xampp\\htdocs\\LaravelLuminaries-StaySwift-Hotel-Reservation-Application\\vendor\\laravel\\framework\\src\\Illuminate\\Routing\\Router.php(806): Illuminate\\Routing\\Route->run()
#28 C:\\xampp\\htdocs\\LaravelLuminaries-StaySwift-Hotel-Reservation-Application\\vendor\\laravel\\framework\\src\\Illuminate\\Pipeline\\Pipeline.php(144): Illuminate\\Routing\\Router->Illuminate\\Routing\\{closure}(Object(Illuminate\\Http\\Request))
#29 C:\\xampp\\htdocs\\LaravelLuminaries-StaySwift-Hotel-Reservation-Application\\vendor\\laravel\\framework\\src\\Illuminate\\Routing\\Middleware\\SubstituteBindings.php(50): Illuminate\\Pipeline\\Pipeline->Illuminate\\Pipeline\\{closure}(Object(Illuminate\\Http\\Request))
#30 C:\\xampp\\htdocs\\LaravelLuminaries-StaySwift-Hotel-Reservation-Application\\vendor\\laravel\\framework\\src\\Illuminate\\Pipeline\\Pipeline.php(183): Illuminate\\Routing\\Middleware\\SubstituteBindings->handle(Object(Illuminate\\Http\\Request), Object(Closure))
#31 C:\\xampp\\htdocs\\LaravelLuminaries-StaySwift-Hotel-Reservation-Application\\vendor\\laravel\\framework\\src\\Illuminate\\Foundation\\Http\\Middleware\\VerifyCsrfToken.php(78): Illuminate\\Pipeline\\Pipeline->Illuminate\\Pipeline\\{closure}(Object(Illuminate\\Http\\Request))
#32 C:\\xampp\\htdocs\\LaravelLuminaries-StaySwift-Hotel-Reservation-Application\\vendor\\laravel\\framework\\src\\Illuminate\\Pipeline\\Pipeline.php(183): Illuminate\\Foundation\\Http\\Middleware\\VerifyCsrfToken->handle(Object(Illuminate\\Http\\Request), Object(Closure))
#33 C:\\xampp\\htdocs\\LaravelLuminaries-StaySwift-Hotel-Reservation-Application\\vendor\\laravel\\framework\\src\\Illuminate\\View\\Middleware\\ShareErrorsFromSession.php(49): Illuminate\\Pipeline\\Pipeline->Illuminate\\Pipeline\\{closure}(Object(Illuminate\\Http\\Request))
#34 C:\\xampp\\htdocs\\LaravelLuminaries-StaySwift-Hotel-Reservation-Application\\vendor\\laravel\\framework\\src\\Illuminate\\Pipeline\\Pipeline.php(183): Illuminate\\View\\Middleware\\ShareErrorsFromSession->handle(Object(Illuminate\\Http\\Request), Object(Closure))
#35 C:\\xampp\\htdocs\\LaravelLuminaries-StaySwift-Hotel-Reservation-Application\\vendor\\laravel\\framework\\src\\Illuminate\\Session\\Middleware\\StartSession.php(121): Illuminate\\Pipeline\\Pipeline->Illuminate\\Pipeline\\{closure}(Object(Illuminate\\Http\\Request))
#36 C:\\xampp\\htdocs\\LaravelLuminaries-StaySwift-Hotel-Reservation-Application\\vendor\\laravel\\framework\\src\\Illuminate\\Session\\Middleware\\StartSession.php(64): Illuminate\\Session\\Middleware\\StartSession->handleStatefulRequest(Object(Illuminate\\Http\\Request), Object(Illuminate\\Session\\Store), Object(Closure))
#37 C:\\xampp\\htdocs\\LaravelLuminaries-StaySwift-Hotel-Reservation-Application\\vendor\\laravel\\framework\\src\\Illuminate\\Pipeline\\Pipeline.php(183): Illuminate\\Session\\Middleware\\StartSession->handle(Object(Illuminate\\Http\\Request), Object(Closure))
#38 C:\\xampp\\htdocs\\LaravelLuminaries-StaySwift-Hotel-Reservation-Application\\vendor\\laravel\\framework\\src\\Illuminate\\Cookie\\Middleware\\AddQueuedCookiesToResponse.php(37): Illuminate\\Pipeline\\Pipeline->Illuminate\\Pipeline\\{closure}(Object(Illuminate\\Http\\Request))
#39 C:\\xampp\\htdocs\\LaravelLuminaries-StaySwift-Hotel-Reservation-Application\\vendor\\laravel\\framework\\src\\Illuminate\\Pipeline\\Pipeline.php(183): Illuminate\\Cookie\\Middleware\\AddQueuedCookiesToResponse->handle(Object(Illuminate\\Http\\Request), Object(Closure))
#40 C:\\xampp\\htdocs\\LaravelLuminaries-StaySwift-Hotel-Reservation-Application\\vendor\\laravel\\framework\\src\\Illuminate\\Cookie\\Middleware\\EncryptCookies.php(67): Illuminate\\Pipeline\\Pipeline->Illuminate\\Pipeline\\{closure}(Object(Illuminate\\Http\\Request))
#41 C:\\xampp\\htdocs\\LaravelLuminaries-StaySwift-Hotel-Reservation-Application\\vendor\\laravel\\framework\\src\\Illuminate\\Pipeline\\Pipeline.php(183): Illuminate\\Cookie\\Middleware\\EncryptCookies->handle(Object(Illuminate\\Http\\Request), Object(Closure))
#42 C:\\xampp\\htdocs\\LaravelLuminaries-StaySwift-Hotel-Reservation-Application\\vendor\\laravel\\framework\\src\\Illuminate\\Pipeline\\Pipeline.php(119): Illuminate\\Pipeline\\Pipeline->Illuminate\\Pipeline\\{closure}(Object(Illuminate\\Http\\Request))
#43 C:\\xampp\\htdocs\\LaravelLuminaries-StaySwift-Hotel-Reservation-Application\\vendor\\laravel\\framework\\src\\Illuminate\\Routing\\Router.php(805): Illuminate\\Pipeline\\Pipeline->then(Object(Closure))
#44 C:\\xampp\\htdocs\\LaravelLuminaries-StaySwift-Hotel-Reservation-Application\\vendor\\laravel\\framework\\src\\Illuminate\\Routing\\Router.php(784): Illuminate\\Routing\\Router->runRouteWithinStack(Object(Illuminate\\Routing\\Route), Object(Illuminate\\Http\\Request))
#45 C:\\xampp\\htdocs\\LaravelLuminaries-StaySwift-Hotel-Reservation-Application\\vendor\\laravel\\framework\\src\\Illuminate\\Routing\\Router.php(748): Illuminate\\Routing\\Router->runRoute(Object(Illuminate\\Http\\Request), Object(Illuminate\\Routing\\Route))
#46 C:\\xampp\\htdocs\\LaravelLuminaries-StaySwift-Hotel-Reservation-Application\\vendor\\laravel\\framework\\src\\Illuminate\\Routing\\Router.php(737): Illuminate\\Routing\\Router->dispatchToRoute(Object(Illuminate\\Http\\Request))
#47 C:\\xampp\\htdocs\\LaravelLuminaries-StaySwift-Hotel-Reservation-Application\\vendor\\laravel\\framework\\src\\Illuminate\\Foundation\\Http\\Kernel.php(200): Illuminate\\Routing\\Router->dispatch(Object(Illuminate\\Http\\Request))
#48 C:\\xampp\\htdocs\\LaravelLuminaries-StaySwift-Hotel-Reservation-Application\\vendor\\laravel\\framework\\src\\Illuminate\\Pipeline\\Pipeline.php(144): Illuminate\\Foundation\\Http\\Kernel->Illuminate\\Foundation\\Http\\{closure}(Object(Illuminate\\Http\\Request))
#49 C:\\xampp\\htdocs\\LaravelLuminaries-StaySwift-Hotel-Reservation-Application\\vendor\\laravel\\framework\\src\\Illuminate\\Foundation\\Http\\Middleware\\TransformsRequest.php(21): Illuminate\\Pipeline\\Pipeline->Illuminate\\Pipeline\\{closure}(Object(Illuminate\\Http\\Request))
#50 C:\\xampp\\htdocs\\LaravelLuminaries-StaySwift-Hotel-Reservation-Application\\vendor\\laravel\\framework\\src\\Illuminate\\Foundation\\Http\\Middleware\\ConvertEmptyStringsToNull.php(31): Illuminate\\Foundation\\Http\\Middleware\\TransformsRequest->handle(Object(Illuminate\\Http\\Request), Object(Closure))
#51 C:\\xampp\\htdocs\\LaravelLuminaries-StaySwift-Hotel-Reservation-Application\\vendor\\laravel\\framework\\src\\Illuminate\\Pipeline\\Pipeline.php(183): Illuminate\\Foundation\\Http\\Middleware\\ConvertEmptyStringsToNull->handle(Object(Illuminate\\Http\\Request), Object(Closure))
#52 C:\\xampp\\htdocs\\LaravelLuminaries-StaySwift-Hotel-Reservation-Application\\vendor\\laravel\\framework\\src\\Illuminate\\Foundation\\Http\\Middleware\\TransformsRequest.php(21): Illuminate\\Pipeline\\Pipeline->Illuminate\\Pipeline\\{closure}(Object(Illuminate\\Http\\Request))
#53 C:\\xampp\\htdocs\\LaravelLuminaries-StaySwift-Hotel-Reservation-Application\\vendor\\laravel\\framework\\src\\Illuminate\\Foundation\\Http\\Middleware\\TrimStrings.php(40): Illuminate\\Foundation\\Http\\Middleware\\TransformsRequest->handle(Object(Illuminate\\Http\\Request), Object(Closure))
#54 C:\\xampp\\htdocs\\LaravelLuminaries-StaySwift-Hotel-Reservation-Application\\vendor\\laravel\\framework\\src\\Illuminate\\Pipeline\\Pipeline.php(183): Illuminate\\Foundation\\Http\\Middleware\\TrimStrings->handle(Object(Illuminate\\Http\\Request), Object(Closure))
#55 C:\\xampp\\htdocs\\LaravelLuminaries-StaySwift-Hotel-Reservation-Application\\vendor\\laravel\\framework\\src\\Illuminate\\Foundation\\Http\\Middleware\\ValidatePostSize.php(27): Illuminate\\Pipeline\\Pipeline->Illuminate\\Pipeline\\{closure}(Object(Illuminate\\Http\\Request))
#56 C:\\xampp\\htdocs\\LaravelLuminaries-StaySwift-Hotel-Reservation-Application\\vendor\\laravel\\framework\\src\\Illuminate\\Pipeline\\Pipeline.php(183): Illuminate\\Foundation\\Http\\Middleware\\ValidatePostSize->handle(Object(Illuminate\\Http\\Request), Object(Closure))
#57 C:\\xampp\\htdocs\\LaravelLuminaries-StaySwift-Hotel-Reservation-Application\\vendor\\laravel\\framework\\src\\Illuminate\\Foundation\\Http\\Middleware\\PreventRequestsDuringMaintenance.php(99): Illuminate\\Pipeline\\Pipeline->Illuminate\\Pipeline\\{closure}(Object(Illuminate\\Http\\Request))
#58 C:\\xampp\\htdocs\\LaravelLuminaries-StaySwift-Hotel-Reservation-Application\\vendor\\laravel\\framework\\src\\Illuminate\\Pipeline\\Pipeline.php(183): Illuminate\\Foundation\\Http\\Middleware\\PreventRequestsDuringMaintenance->handle(Object(Illuminate\\Http\\Request), Object(Closure))
#59 C:\\xampp\\htdocs\\LaravelLuminaries-StaySwift-Hotel-Reservation-Application\\vendor\\laravel\\framework\\src\\Illuminate\\Http\\Middleware\\HandleCors.php(49): Illuminate\\Pipeline\\Pipeline->Illuminate\\Pipeline\\{closure}(Object(Illuminate\\Http\\Request))
#60 C:\\xampp\\htdocs\\LaravelLuminaries-StaySwift-Hotel-Reservation-Application\\vendor\\laravel\\framework\\src\\Illuminate\\Pipeline\\Pipeline.php(183): Illuminate\\Http\\Middleware\\HandleCors->handle(Object(Illuminate\\Http\\Request), Object(Closure))
#61 C:\\xampp\\htdocs\\LaravelLuminaries-StaySwift-Hotel-Reservation-Application\\vendor\\laravel\\framework\\src\\Illuminate\\Http\\Middleware\\TrustProxies.php(39): Illuminate\\Pipeline\\Pipeline->Illuminate\\Pipeline\\{closure}(Object(Illuminate\\Http\\Request))
#62 C:\\xampp\\htdocs\\LaravelLuminaries-StaySwift-Hotel-Reservation-Application\\vendor\\laravel\\framework\\src\\Illuminate\\Pipeline\\Pipeline.php(183): Illuminate\\Http\\Middleware\\TrustProxies->handle(Object(Illuminate\\Http\\Request), Object(Closure))
#63 C:\\xampp\\htdocs\\LaravelLuminaries-StaySwift-Hotel-Reservation-Application\\vendor\\laravel\\framework\\src\\Illuminate\\Pipeline\\Pipeline.php(119): Illuminate\\Pipeline\\Pipeline->Illuminate\\Pipeline\\{closure}(Object(Illuminate\\Http\\Request))
#64 C:\\xampp\\htdocs\\LaravelLuminaries-StaySwift-Hotel-Reservation-Application\\vendor\\laravel\\framework\\src\\Illuminate\\Foundation\\Http\\Kernel.php(175): Illuminate\\Pipeline\\Pipeline->then(Object(Closure))
#65 C:\\xampp\\htdocs\\LaravelLuminaries-StaySwift-Hotel-Reservation-Application\\vendor\\laravel\\framework\\src\\Illuminate\\Foundation\\Http\\Kernel.php(144): Illuminate\\Foundation\\Http\\Kernel->sendRequestThroughRouter(Object(Illuminate\\Http\\Request))
#66 C:\\xampp\\htdocs\\LaravelLuminaries-StaySwift-Hotel-Reservation-Application\\public\\index.php(51): Illuminate\\Foundation\\Http\\Kernel->handle(Object(Illuminate\\Http\\Request))
#67 C:\\xampp\\htdocs\\LaravelLuminaries-StaySwift-Hotel-Reservation-Application\\vendor\\laravel\\framework\\src\\Illuminate\\Foundation\\resources\\server.php(16): require_once('C:\\\\xampp\\\\htdocs...')
#68 {main}
"} 
[2026-06-12 00:34:33] local.ERROR: SQLSTATE[HY000] [2002] No connection could be made because the target machine actively refused it (Connection: mysql, SQL: select * from `roomTable`) {"exception":"[object] (Illuminate\\Database\\QueryException(code: 2002): SQLSTATE[HY000] [2002] No connection could be made because the target machine actively refused it (Connection: mysql, SQL: select * from `roomTable`) at C:\\xampp\\htdocs\\LaravelLuminaries-StaySwift-Hotel-Reservation-Application\\vendor\\laravel\\framework\\src\\Illuminate\\Database\\Connection.php:822)
[stacktrace]
#0 C:\\xampp\\htdocs\\LaravelLuminaries-StaySwift-Hotel-Reservation-Application\\vendor\\laravel\\framework\\src\\Illuminate\\Database\\Connection.php(976): Illuminate\\Database\\Connection->runQueryCallback('select * from `...', Array, Object(Closure))
#1 C:\\xampp\\htdocs\\LaravelLuminaries-StaySwift-Hotel-Reservation-Application\\vendor\\laravel\\framework\\src\\Illuminate\\Database\\Connection.php(955): Illuminate\\Database\\Connection->tryAgainIfCausedByLostConnection(Object(Illuminate\\Database\\QueryException), 'select * from `...', Array, Object(Closure))
#2 C:\\xampp\\htdocs\\LaravelLuminaries-StaySwift-Hotel-Reservation-Application\\vendor\\laravel\\framework\\src\\Illuminate\\Database\\Connection.php(778): Illuminate\\Database\\Connection->handleQueryException(Object(Illuminate\\Database\\QueryException), 'select * from `...', Array, Object(Closure))
#3 C:\\xampp\\htdocs\\LaravelLuminaries-StaySwift-Hotel-Reservation-Application\\vendor\\laravel\\framework\\src\\Illuminate\\Database\\Connection.php(407): Illuminate\\Database\\Connection->run('select * from `...', Array, Object(Closure))
#4 C:\\xampp\\htdocs\\LaravelLuminaries-StaySwift-Hotel-Reservation-Application\\vendor\\laravel\\framework\\src\\Illuminate\\Database\\Query\\Builder.php(2751): Illuminate\\Database\\Connection->select('select * from `...', Array, true)
#5 C:\\xampp\\htdocs\\LaravelLuminaries-StaySwift-Hotel-Reservation-Application\\vendor\\laravel\\framework\\src\\Illuminate\\Database\\Query\\Builder.php(2740): Illuminate\\Database\\Query\\Builder->runSelect()
#6 C:\\xampp\\htdocs\\LaravelLuminaries-StaySwift-Hotel-Reservation-Application\\vendor\\laravel\\framework\\src\\Illuminate\\Database\\Query\\Builder.php(3294): Illuminate\\Database\\Query\\Builder->Illuminate\\Database\\Query\\{closure}()
#7 C:\\xampp\\htdocs\\LaravelLuminaries-StaySwift-Hotel-Reservation-Application\\vendor\\laravel\\framework\\src\\Illuminate\\Database\\Query\\Builder.php(2739): Illuminate\\Database\\Query\\Builder->onceWithColumns(Array, Object(Closure))
#8 C:\\xampp\\htdocs\\LaravelLuminaries-StaySwift-Hotel-Reservation-Application\\vendor\\laravel\\framework\\src\\Illuminate\\Database\\Eloquent\\Builder.php(737): Illuminate\\Database\\Query\\Builder->get(Array)
#9 C:\\xampp\\htdocs\\LaravelLuminaries-StaySwift-Hotel-Reservation-Application\\vendor\\laravel\\framework\\src\\Illuminate\\Database\\Eloquent\\Builder.php(721): Illuminate\\Database\\Eloquent\\Builder->getModels(Array)
#10 C:\\xampp\\htdocs\\LaravelLuminaries-StaySwift-Hotel-Reservation-Application\\vendor\\laravel\\framework\\src\\Illuminate\\Database\\Eloquent\\Model.php(674): Illuminate\\Database\\Eloquent\\Builder->get(Array)
#11 C:\\xampp\\htdocs\\LaravelLuminaries-StaySwift-Hotel-Reservation-Application\\app\\Http\\Controllers\\Customer.php(22): Illuminate\\Database\\Eloquent\\Model::all()
#12 C:\\xampp\\htdocs\\LaravelLuminaries-StaySwift-Hotel-Reservation-Application\\vendor\\laravel\\framework\\src\\Illuminate\\Routing\\Controller.php(54): App\\Http\\Controllers\\Customer->getRooms()
#13 C:\\xampp\\htdocs\\LaravelLuminaries-StaySwift-Hotel-Reservation-Application\\vendor\\laravel\\framework\\src\\Illuminate\\Routing\\ControllerDispatcher.php(43): Illuminate\\Routing\\Controller->callAction('getRooms', Array)
#14 C:\\xampp\\htdocs\\LaravelLuminaries-StaySwift-Hotel-Reservation-Application\\vendor\\laravel\\framework\\src\\Illuminate\\Routing\\Route.php(259): Illuminate\\Routing\\ControllerDispatcher->dispatch(Object(Illuminate\\Routing\\Route), Object(App\\Http\\Controllers\\Customer), 'getRooms')
#15 C:\\xampp\\htdocs\\LaravelLuminaries-StaySwift-Hotel-Reservation-Application\\vendor\\laravel\\framework\\src\\Illuminate\\Routing\\Route.php(205): Illuminate\\Routing\\Route->runController()
#16 C:\\xampp\\htdocs\\LaravelLuminaries-StaySwift-Hotel-Reservation-Application\\vendor\\laravel\\framework\\src\\Illuminate\\Routing\\Router.php(806): Illuminate\\Routing\\Route->run()
#17 C:\\xampp\\htdocs\\LaravelLuminaries-StaySwift-Hotel-Reservation-Application\\vendor\\laravel\\framework\\src\\Illuminate\\Pipeline\\Pipeline.php(144): Illuminate\\Routing\\Router->Illuminate\\Routing\\{closure}(Object(Illuminate\\Http\\Request))
#18 C:\\xampp\\htdocs\\LaravelLuminaries-StaySwift-Hotel-Reservation-Application\\vendor\\laravel\\framework\\src\\Illuminate\\Routing\\Middleware\\SubstituteBindings.php(50): Illuminate\\Pipeline\\Pipeline->Illuminate\\Pipeline\\{closure}(Object(Illuminate\\Http\\Request))
#19 C:\\xampp\\htdocs\\LaravelLuminaries-StaySwift-Hotel-Reservation-Application\\vendor\\laravel\\framework\\src\\Illuminate\\Pipeline\\Pipeline.php(183): Illuminate\\Routing\\Middleware\\SubstituteBindings->handle(Object(Illuminate\\Http\\Request), Object(Closure))
#20 C:\\xampp\\htdocs\\LaravelLuminaries-StaySwift-Hotel-Reservation-Application\\vendor\\laravel\\framework\\src\\Illuminate\\Foundation\\Http\\Middleware\\VerifyCsrfToken.php(78): Illuminate\\Pipeline\\Pipeline->Illuminate\\Pipeline\\{closure}(Object(Illuminate\\Http\\Request))
#21 C:\\xampp\\htdocs\\LaravelLuminaries-StaySwift-Hotel-Reservation-Application\\vendor\\laravel\\framework\\src\\Illuminate\\Pipeline\\Pipeline.php(183): Illuminate\\Foundation\\Http\\Middleware\\VerifyCsrfToken->handle(Object(Illuminate\\Http\\Request), Object(Closure))
#22 C:\\xampp\\htdocs\\LaravelLuminaries-StaySwift-Hotel-Reservation-Application\\vendor\\laravel\\framework\\src\\Illuminate\\View\\Middleware\\ShareErrorsFromSession.php(49): Illuminate\\Pipeline\\Pipeline->Illuminate\\Pipeline\\{closure}(Object(Illuminate\\Http\\Request))
#23 C:\\xampp\\htdocs\\LaravelLuminaries-StaySwift-Hotel-Reservation-Application\\vendor\\laravel\\framework\\src\\Illuminate\\Pipeline\\Pipeline.php(183): Illuminate\\View\\Middleware\\ShareErrorsFromSession->handle(Object(Illuminate\\Http\\Request), Object(Closure))
#24 C:\\xampp\\htdocs\\LaravelLuminaries-StaySwift-Hotel-Reservation-Application\\vendor\\laravel\\framework\\src\\Illuminate\\Session\\Middleware\\StartSession.php(121): Illuminate\\Pipeline\\Pipeline->Illuminate\\Pipeline\\{closure}(Object(Illuminate\\Http\\Request))
#25 C:\\xampp\\htdocs\\LaravelLuminaries-StaySwift-Hotel-Reservation-Application\\vendor\\laravel\\framework\\src\\Illuminate\\Session\\Middleware\\StartSession.php(64): Illuminate\\Session\\Middleware\\StartSession->handleStatefulRequest(Object(Illuminate\\Http\\Request), Object(Illuminate\\Session\\Store), Object(Closure))
#26 C:\\xampp\\htdocs\\LaravelLuminaries-StaySwift-Hotel-Reservation-Application\\vendor\\laravel\\framework\\src\\Illuminate\\Pipeline\\Pipeline.php(183): Illuminate\\Session\\Middleware\\StartSession->handle(Object(Illuminate\\Http\\Request), Object(Closure))
#27 C:\\xampp\\htdocs\\LaravelLuminaries-StaySwift-Hotel-Reservation-Application\\vendor\\laravel\\framework\\src\\Illuminate\\Cookie\\Middleware\\AddQueuedCookiesToResponse.php(37): Illuminate\\Pipeline\\Pipeline->Illuminate\\Pipeline\\{closure}(Object(Illuminate\\Http\\Request))
#28 C:\\xampp\\htdocs\\LaravelLuminaries-StaySwift-Hotel-Reservation-Application\\vendor\\laravel\\framework\\src\\Illuminate\\Pipeline\\Pipeline.php(183): Illuminate\\Cookie\\Middleware\\AddQueuedCookiesToResponse->handle(Object(Illuminate\\Http\\Request), Object(Closure))
#29 C:\\xampp\\htdocs\\LaravelLuminaries-StaySwift-Hotel-Reservation-Application\\vendor\\laravel\\framework\\src\\Illuminate\\Cookie\\Middleware\\EncryptCookies.php(67): Illuminate\\Pipeline\\Pipeline->Illuminate\\Pipeline\\{closure}(Object(Illuminate\\Http\\Request))
#30 C:\\xampp\\htdocs\\LaravelLuminaries-StaySwift-Hotel-Reservation-Application\\vendor\\laravel\\framework\\src\\Illuminate\\Pipeline\\Pipeline.php(183): Illuminate\\Cookie\\Middleware\\EncryptCookies->handle(Object(Illuminate\\Http\\Request), Object(Closure))
#31 C:\\xampp\\htdocs\\LaravelLuminaries-StaySwift-Hotel-Reservation-Application\\vendor\\laravel\\framework\\src\\Illuminate\\Pipeline\\Pipeline.php(119): Illuminate\\Pipeline\\Pipeline->Illuminate\\Pipeline\\{closure}(Object(Illuminate\\Http\\Request))
#32 C:\\xampp\\htdocs\\LaravelLuminaries-StaySwift-Hotel-Reservation-Application\\vendor\\laravel\\framework\\src\\Illuminate\\Routing\\Router.php(805): Illuminate\\Pipeline\\Pipeline->then(Object(Closure))
#33 C:\\xampp\\htdocs\\LaravelLuminaries-StaySwift-Hotel-Reservation-Application\\vendor\\laravel\\framework\\src\\Illuminate\\Routing\\Router.php(784): Illuminate\\Routing\\Router->runRouteWithinStack(Object(Illuminate\\Routing\\Route), Object(Illuminate\\Http\\Request))
#34 C:\\xampp\\htdocs\\LaravelLuminaries-StaySwift-Hotel-Reservation-Application\\vendor\\laravel\\framework\\src\\Illuminate\\Routing\\Router.php(748): Illuminate\\Routing\\Router->runRoute(Object(Illuminate\\Http\\Request), Object(Illuminate\\Routing\\Route))
#35 C:\\xampp\\htdocs\\LaravelLuminaries-StaySwift-Hotel-Reservation-Application\\vendor\\laravel\\framework\\src\\Illuminate\\Routing\\Router.php(737): Illuminate\\Routing\\Router->dispatchToRoute(Object(Illuminate\\Http\\Request))
#36 C:\\xampp\\htdocs\\LaravelLuminaries-StaySwift-Hotel-Reservation-Application\\vendor\\laravel\\framework\\src\\Illuminate\\Foundation\\Http\\Kernel.php(200): Illuminate\\Routing\\Router->dispatch(Object(Illuminate\\Http\\Request))
#37 C:\\xampp\\htdocs\\LaravelLuminaries-StaySwift-Hotel-Reservation-Application\\vendor\\laravel\\framework\\src\\Illuminate\\Pipeline\\Pipeline.php(144): Illuminate\\Foundation\\Http\\Kernel->Illuminate\\Foundation\\Http\\{closure}(Object(Illuminate\\Http\\Request))
#38 C:\\xampp\\htdocs\\LaravelLuminaries-StaySwift-Hotel-Reservation-Application\\vendor\\laravel\\framework\\src\\Illuminate\\Foundation\\Http\\Middleware\\TransformsRequest.php(21): Illuminate\\Pipeline\\Pipeline->Illuminate\\Pipeline\\{closure}(Object(Illuminate\\Http\\Request))
#39 C:\\xampp\\htdocs\\LaravelLuminaries-StaySwift-Hotel-Reservation-Application\\vendor\\laravel\\framework\\src\\Illuminate\\Foundation\\Http\\Middleware\\ConvertEmptyStringsToNull.php(31): Illuminate\\Foundation\\Http\\Middleware\\TransformsRequest->handle(Object(Illuminate\\Http\\Request), Object(Closure))
#40 C:\\xampp\\htdocs\\LaravelLuminaries-StaySwift-Hotel-Reservation-Application\\vendor\\laravel\\framework\\src\\Illuminate\\Pipeline\\Pipeline.php(183): Illuminate\\Foundation\\Http\\Middleware\\ConvertEmptyStringsToNull->handle(Object(Illuminate\\Http\\Request), Object(Closure))
#41 C:\\xampp\\htdocs\\LaravelLuminaries-StaySwift-Hotel-Reservation-Application\\vendor\\laravel\\framework\\src\\Illuminate\\Foundation\\Http\\Middleware\\TransformsRequest.php(21): Illuminate\\Pipeline\\Pipeline->Illuminate\\Pipeline\\{closure}(Object(Illuminate\\Http\\Request))
#42 C:\\xampp\\htdocs\\LaravelLuminaries-StaySwift-Hotel-Reservation-Application\\vendor\\laravel\\framework\\src\\Illuminate\\Foundation\\Http\\Middleware\\TrimStrings.php(40): Illuminate\\Foundation\\Http\\Middleware\\TransformsRequest->handle(Object(Illuminate\\Http\\Request), Object(Closure))
#43 C:\\xampp\\htdocs\\LaravelLuminaries-StaySwift-Hotel-Reservation-Application\\vendor\\laravel\\framework\\src\\Illuminate\\Pipeline\\Pipeline.php(183): Illuminate\\Foundation\\Http\\Middleware\\TrimStrings->handle(Object(Illuminate\\Http\\Request), Object(Closure))
#44 C:\\xampp\\htdocs\\LaravelLuminaries-StaySwift-Hotel-Reservation-Application\\vendor\\laravel\\framework\\src\\Illuminate\\Foundation\\Http\\Middleware\\ValidatePostSize.php(27): Illuminate\\Pipeline\\Pipeline->Illuminate\\Pipeline\\{closure}(Object(Illuminate\\Http\\Request))
#45 C:\\xampp\\htdocs\\LaravelLuminaries-StaySwift-Hotel-Reservation-Application\\vendor\\laravel\\framework\\src\\Illuminate\\Pipeline\\Pipeline.php(183): Illuminate\\Foundation\\Http\\Middleware\\ValidatePostSize->handle(Object(Illuminate\\Http\\Request), Object(Closure))
#46 C:\\xampp\\htdocs\\LaravelLuminaries-StaySwift-Hotel-Reservation-Application\\vendor\\laravel\\framework\\src\\Illuminate\\Foundation\\Http\\Middleware\\PreventRequestsDuringMaintenance.php(99): Illuminate\\Pipeline\\Pipeline->Illuminate\\Pipeline\\{closure}(Object(Illuminate\\Http\\Request))
#47 C:\\xampp\\htdocs\\LaravelLuminaries-StaySwift-Hotel-Reservation-Application\\vendor\\laravel\\framework\\src\\Illuminate\\Pipeline\\Pipeline.php(183): Illuminate\\Foundation\\Http\\Middleware\\PreventRequestsDuringMaintenance->handle(Object(Illuminate\\Http\\Request), Object(Closure))
#48 C:\\xampp\\htdocs\\LaravelLuminaries-StaySwift-Hotel-Reservation-Application\\vendor\\laravel\\framework\\src\\Illuminate\\Http\\Middleware\\HandleCors.php(49): Illuminate\\Pipeline\\Pipeline->Illuminate\\Pipeline\\{closure}(Object(Illuminate\\Http\\Request))
#49 C:\\xampp\\htdocs\\LaravelLuminaries-StaySwift-Hotel-Reservation-Application\\vendor\\laravel\\framework\\src\\Illuminate\\Pipeline\\Pipeline.php(183): Illuminate\\Http\\Middleware\\HandleCors->handle(Object(Illuminate\\Http\\Request), Object(Closure))
#50 C:\\xampp\\htdocs\\LaravelLuminaries-StaySwift-Hotel-Reservation-Application\\vendor\\laravel\\framework\\src\\Illuminate\\Http\\Middleware\\TrustProxies.php(39): Illuminate\\Pipeline\\Pipeline->Illuminate\\Pipeline\\{closure}(Object(Illuminate\\Http\\Request))
#51 C:\\xampp\\htdocs\\LaravelLuminaries-StaySwift-Hotel-Reservation-Application\\vendor\\laravel\\framework\\src\\Illuminate\\Pipeline\\Pipeline.php(183): Illuminate\\Http\\Middleware\\TrustProxies->handle(Object(Illuminate\\Http\\Request), Object(Closure))
#52 C:\\xampp\\htdocs\\LaravelLuminaries-StaySwift-Hotel-Reservation-Application\\vendor\\laravel\\framework\\src\\Illuminate\\Pipeline\\Pipeline.php(119): Illuminate\\Pipeline\\Pipeline->Illuminate\\Pipeline\\{closure}(Object(Illuminate\\Http\\Request))
#53 C:\\xampp\\htdocs\\LaravelLuminaries-StaySwift-Hotel-Reservation-Application\\vendor\\laravel\\framework\\src\\Illuminate\\Foundation\\Http\\Kernel.php(175): Illuminate\\Pipeline\\Pipeline->then(Object(Closure))
#54 C:\\xampp\\htdocs\\LaravelLuminaries-StaySwift-Hotel-Reservation-Application\\vendor\\laravel\\framework\\src\\Illuminate\\Foundation\\Http\\Kernel.php(144): Illuminate\\Foundation\\Http\\Kernel->sendRequestThroughRouter(Object(Illuminate\\Http\\Request))
#55 C:\\xampp\\htdocs\\LaravelLuminaries-StaySwift-Hotel-Reservation-Application\\public\\index.php(51): Illuminate\\Foundation\\Http\\Kernel->handle(Object(Illuminate\\Http\\Request))
#56 C:\\xampp\\htdocs\\LaravelLuminaries-StaySwift-Hotel-Reservation-Application\\vendor\\laravel\\framework\\src\\Illuminate\\Foundation\\resources\\server.php(16): require_once('C:\\\\xampp\\\\htdocs...')
#57 {main}

[previous exception] [object] (PDOException(code: 2002): SQLSTATE[HY000] [2002] No connection could be made because the target machine actively refused it at C:\\xampp\\htdocs\\LaravelLuminaries-StaySwift-Hotel-Reservation-Application\\vendor\\laravel\\framework\\src\\Illuminate\\Database\\Connectors\\Connector.php:65)
[stacktrace]
#0 C:\\xampp\\htdocs\\LaravelLuminaries-StaySwift-Hotel-Reservation-Application\\vendor\\laravel\\framework\\src\\Illuminate\\Database\\Connectors\\Connector.php(65): PDO->__construct('mysql:host=127....', 'root', Object(SensitiveParameterValue), Array)
#1 C:\\xampp\\htdocs\\LaravelLuminaries-StaySwift-Hotel-Reservation-Application\\vendor\\laravel\\framework\\src\\Illuminate\\Database\\Connectors\\Connector.php(83): Illuminate\\Database\\Connectors\\Connector->createPdoConnection('mysql:host=127....', 'root', '', Array)
#2 C:\\xampp\\htdocs\\LaravelLuminaries-StaySwift-Hotel-Reservation-Application\\vendor\\laravel\\framework\\src\\Illuminate\\Database\\Connectors\\Connector.php(48): Illuminate\\Database\\Connectors\\Connector->tryAgainIfCausedByLostConnection(Object(PDOException), 'mysql:host=127....', 'root', '', Array)
#3 C:\\xampp\\htdocs\\LaravelLuminaries-StaySwift-Hotel-Reservation-Application\\vendor\\laravel\\framework\\src\\Illuminate\\Database\\Connectors\\MySqlConnector.php(24): Illuminate\\Database\\Connectors\\Connector->createConnection('mysql:host=127....', Array, Array)
#4 C:\\xampp\\htdocs\\LaravelLuminaries-StaySwift-Hotel-Reservation-Application\\vendor\\laravel\\framework\\src\\Illuminate\\Database\\Connectors\\ConnectionFactory.php(184): Illuminate\\Database\\Connectors\\MySqlConnector->connect(Array)
#5 [internal function]: Illuminate\\Database\\Connectors\\ConnectionFactory->Illuminate\\Database\\Connectors\\{closure}()
#6 C:\\xampp\\htdocs\\LaravelLuminaries-StaySwift-Hotel-Reservation-Application\\vendor\\laravel\\framework\\src\\Illuminate\\Database\\Connection.php(1319): call_user_func(Object(Closure))
#7 C:\\xampp\\htdocs\\LaravelLuminaries-StaySwift-Hotel-Reservation-Application\\vendor\\laravel\\framework\\src\\Illuminate\\Database\\Connection.php(1355): Illuminate\\Database\\Connection->getPdo()
#8 C:\\xampp\\htdocs\\LaravelLuminaries-StaySwift-Hotel-Reservation-Application\\vendor\\laravel\\framework\\src\\Illuminate\\Database\\Connection.php(521): Illuminate\\Database\\Connection->getReadPdo()
#9 C:\\xampp\\htdocs\\LaravelLuminaries-StaySwift-Hotel-Reservation-Application\\vendor\\laravel\\framework\\src\\Illuminate\\Database\\Connection.php(416): Illuminate\\Database\\Connection->getPdoForSelect(true)
#10 C:\\xampp\\htdocs\\LaravelLuminaries-StaySwift-Hotel-Reservation-Application\\vendor\\laravel\\framework\\src\\Illuminate\\Database\\Connection.php(809): Illuminate\\Database\\Connection->Illuminate\\Database\\{closure}('select * from `...', Array)
#11 C:\\xampp\\htdocs\\LaravelLuminaries-StaySwift-Hotel-Reservation-Application\\vendor\\laravel\\framework\\src\\Illuminate\\Database\\Connection.php(976): Illuminate\\Database\\Connection->runQueryCallback('select * from `...', Array, Object(Closure))
#12 C:\\xampp\\htdocs\\LaravelLuminaries-StaySwift-Hotel-Reservation-Application\\vendor\\laravel\\framework\\src\\Illuminate\\Database\\Connection.php(955): Illuminate\\Database\\Connection->tryAgainIfCausedByLostConnection(Object(Illuminate\\Database\\QueryException), 'select * from `...', Array, Object(Closure))
#13 C:\\xampp\\htdocs\\LaravelLuminaries-StaySwift-Hotel-Reservation-Application\\vendor\\laravel\\framework\\src\\Illuminate\\Database\\Connection.php(778): Illuminate\\Database\\Connection->handleQueryException(Object(Illuminate\\Database\\QueryException), 'select * from `...', Array, Object(Closure))
#14 C:\\xampp\\htdocs\\LaravelLuminaries-StaySwift-Hotel-Reservation-Application\\vendor\\laravel\\framework\\src\\Illuminate\\Database\\Connection.php(407): Illuminate\\Database\\Connection->run('select * from `...', Array, Object(Closure))
#15 C:\\xampp\\htdocs\\LaravelLuminaries-StaySwift-Hotel-Reservation-Application\\vendor\\laravel\\framework\\src\\Illuminate\\Database\\Query\\Builder.php(2751): Illuminate\\Database\\Connection->select('select * from `...', Array, true)
#16 C:\\xampp\\htdocs\\LaravelLuminaries-StaySwift-Hotel-Reservation-Application\\vendor\\laravel\\framework\\src\\Illuminate\\Database\\Query\\Builder.php(2740): Illuminate\\Database\\Query\\Builder->runSelect()
#17 C:\\xampp\\htdocs\\LaravelLuminaries-StaySwift-Hotel-Reservation-Application\\vendor\\laravel\\framework\\src\\Illuminate\\Database\\Query\\Builder.php(3294): Illuminate\\Database\\Query\\Builder->Illuminate\\Database\\Query\\{closure}()
#18 C:\\xampp\\htdocs\\LaravelLuminaries-StaySwift-Hotel-Reservation-Application\\vendor\\laravel\\framework\\src\\Illuminate\\Database\\Query\\Builder.php(2739): Illuminate\\Database\\Query\\Builder->onceWithColumns(Array, Object(Closure))
#19 C:\\xampp\\htdocs\\LaravelLuminaries-StaySwift-Hotel-Reservation-Application\\vendor\\laravel\\framework\\src\\Illuminate\\Database\\Eloquent\\Builder.php(737): Illuminate\\Database\\Query\\Builder->get(Array)
#20 C:\\xampp\\htdocs\\LaravelLuminaries-StaySwift-Hotel-Reservation-Application\\vendor\\laravel\\framework\\src\\Illuminate\\Database\\Eloquent\\Builder.php(721): Illuminate\\Database\\Eloquent\\Builder->getModels(Array)
#21 C:\\xampp\\htdocs\\LaravelLuminaries-StaySwift-Hotel-Reservation-Application\\vendor\\laravel\\framework\\src\\Illuminate\\Database\\Eloquent\\Model.php(674): Illuminate\\Database\\Eloquent\\Builder->get(Array)
#22 C:\\xampp\\htdocs\\LaravelLuminaries-StaySwift-Hotel-Reservation-Application\\app\\Http\\Controllers\\Customer.php(22): Illuminate\\Database\\Eloquent\\Model::all()
#23 C:\\xampp\\htdocs\\LaravelLuminaries-StaySwift-Hotel-Reservation-Application\\vendor\\laravel\\framework\\src\\Illuminate\\Routing\\Controller.php(54): App\\Http\\Controllers\\Customer->getRooms()
#24 C:\\xampp\\htdocs\\LaravelLuminaries-StaySwift-Hotel-Reservation-Application\\vendor\\laravel\\framework\\src\\Illuminate\\Routing\\ControllerDispatcher.php(43): Illuminate\\Routing\\Controller->callAction('getRooms', Array)
#25 C:\\xampp\\htdocs\\LaravelLuminaries-StaySwift-Hotel-Reservation-Application\\vendor\\laravel\\framework\\src\\Illuminate\\Routing\\Route.php(259): Illuminate\\Routing\\ControllerDispatcher->dispatch(Object(Illuminate\\Routing\\Route), Object(App\\Http\\Controllers\\Customer), 'getRooms')
#26 C:\\xampp\\htdocs\\LaravelLuminaries-StaySwift-Hotel-Reservation-Application\\vendor\\laravel\\framework\\src\\Illuminate\\Routing\\Route.php(205): Illuminate\\Routing\\Route->runController()
#27 C:\\xampp\\htdocs\\LaravelLuminaries-StaySwift-Hotel-Reservation-Application\\vendor\\laravel\\framework\\src\\Illuminate\\Routing\\Router.php(806): Illuminate\\Routing\\Route->run()
#28 C:\\xampp\\htdocs\\LaravelLuminaries-StaySwift-Hotel-Reservation-Application\\vendor\\laravel\\framework\\src\\Illuminate\\Pipeline\\Pipeline.php(144): Illuminate\\Routing\\Router->Illuminate\\Routing\\{closure}(Object(Illuminate\\Http\\Request))
#29 C:\\xampp\\htdocs\\LaravelLuminaries-StaySwift-Hotel-Reservation-Application\\vendor\\laravel\\framework\\src\\Illuminate\\Routing\\Middleware\\SubstituteBindings.php(50): Illuminate\\Pipeline\\Pipeline->Illuminate\\Pipeline\\{closure}(Object(Illuminate\\Http\\Request))
#30 C:\\xampp\\htdocs\\LaravelLuminaries-StaySwift-Hotel-Reservation-Application\\vendor\\laravel\\framework\\src\\Illuminate\\Pipeline\\Pipeline.php(183): Illuminate\\Routing\\Middleware\\SubstituteBindings->handle(Object(Illuminate\\Http\\Request), Object(Closure))
#31 C:\\xampp\\htdocs\\LaravelLuminaries-StaySwift-Hotel-Reservation-Application\\vendor\\laravel\\framework\\src\\Illuminate\\Foundation\\Http\\Middleware\\VerifyCsrfToken.php(78): Illuminate\\Pipeline\\Pipeline->Illuminate\\Pipeline\\{closure}(Object(Illuminate\\Http\\Request))
#32 C:\\xampp\\htdocs\\LaravelLuminaries-StaySwift-Hotel-Reservation-Application\\vendor\\laravel\\framework\\src\\Illuminate\\Pipeline\\Pipeline.php(183): Illuminate\\Foundation\\Http\\Middleware\\VerifyCsrfToken->handle(Object(Illuminate\\Http\\Request), Object(Closure))
#33 C:\\xampp\\htdocs\\LaravelLuminaries-StaySwift-Hotel-Reservation-Application\\vendor\\laravel\\framework\\src\\Illuminate\\View\\Middleware\\ShareErrorsFromSession.php(49): Illuminate\\Pipeline\\Pipeline->Illuminate\\Pipeline\\{closure}(Object(Illuminate\\Http\\Request))
#34 C:\\xampp\\htdocs\\LaravelLuminaries-StaySwift-Hotel-Reservation-Application\\vendor\\laravel\\framework\\src\\Illuminate\\Pipeline\\Pipeline.php(183): Illuminate\\View\\Middleware\\ShareErrorsFromSession->handle(Object(Illuminate\\Http\\Request), Object(Closure))
#35 C:\\xampp\\htdocs\\LaravelLuminaries-StaySwift-Hotel-Reservation-Application\\vendor\\laravel\\framework\\src\\Illuminate\\Session\\Middleware\\StartSession.php(121): Illuminate\\Pipeline\\Pipeline->Illuminate\\Pipeline\\{closure}(Object(Illuminate\\Http\\Request))
#36 C:\\xampp\\htdocs\\LaravelLuminaries-StaySwift-Hotel-Reservation-Application\\vendor\\laravel\\framework\\src\\Illuminate\\Session\\Middleware\\StartSession.php(64): Illuminate\\Session\\Middleware\\StartSession->handleStatefulRequest(Object(Illuminate\\Http\\Request), Object(Illuminate\\Session\\Store), Object(Closure))
#37 C:\\xampp\\htdocs\\LaravelLuminaries-StaySwift-Hotel-Reservation-Application\\vendor\\laravel\\framework\\src\\Illuminate\\Pipeline\\Pipeline.php(183): Illuminate\\Session\\Middleware\\StartSession->handle(Object(Illuminate\\Http\\Request), Object(Closure))
#38 C:\\xampp\\htdocs\\LaravelLuminaries-StaySwift-Hotel-Reservation-Application\\vendor\\laravel\\framework\\src\\Illuminate\\Cookie\\Middleware\\AddQueuedCookiesToResponse.php(37): Illuminate\\Pipeline\\Pipeline->Illuminate\\Pipeline\\{closure}(Object(Illuminate\\Http\\Request))
#39 C:\\xampp\\htdocs\\LaravelLuminaries-StaySwift-Hotel-Reservation-Application\\vendor\\laravel\\framework\\src\\Illuminate\\Pipeline\\Pipeline.php(183): Illuminate\\Cookie\\Middleware\\AddQueuedCookiesToResponse->handle(Object(Illuminate\\Http\\Request), Object(Closure))
#40 C:\\xampp\\htdocs\\LaravelLuminaries-StaySwift-Hotel-Reservation-Application\\vendor\\laravel\\framework\\src\\Illuminate\\Cookie\\Middleware\\EncryptCookies.php(67): Illuminate\\Pipeline\\Pipeline->Illuminate\\Pipeline\\{closure}(Object(Illuminate\\Http\\Request))
#41 C:\\xampp\\htdocs\\LaravelLuminaries-StaySwift-Hotel-Reservation-Application\\vendor\\laravel\\framework\\src\\Illuminate\\Pipeline\\Pipeline.php(183): Illuminate\\Cookie\\Middleware\\EncryptCookies->handle(Object(Illuminate\\Http\\Request), Object(Closure))
#42 C:\\xampp\\htdocs\\LaravelLuminaries-StaySwift-Hotel-Reservation-Application\\vendor\\laravel\\framework\\src\\Illuminate\\Pipeline\\Pipeline.php(119): Illuminate\\Pipeline\\Pipeline->Illuminate\\Pipeline\\{closure}(Object(Illuminate\\Http\\Request))
#43 C:\\xampp\\htdocs\\LaravelLuminaries-StaySwift-Hotel-Reservation-Application\\vendor\\laravel\\framework\\src\\Illuminate\\Routing\\Router.php(805): Illuminate\\Pipeline\\Pipeline->then(Object(Closure))
#44 C:\\xampp\\htdocs\\LaravelLuminaries-StaySwift-Hotel-Reservation-Application\\vendor\\laravel\\framework\\src\\Illuminate\\Routing\\Router.php(784): Illuminate\\Routing\\Router->runRouteWithinStack(Object(Illuminate\\Routing\\Route), Object(Illuminate\\Http\\Request))
#45 C:\\xampp\\htdocs\\LaravelLuminaries-StaySwift-Hotel-Reservation-Application\\vendor\\laravel\\framework\\src\\Illuminate\\Routing\\Router.php(748): Illuminate\\Routing\\Router->runRoute(Object(Illuminate\\Http\\Request), Object(Illuminate\\Routing\\Route))
#46 C:\\xampp\\htdocs\\LaravelLuminaries-StaySwift-Hotel-Reservation-Application\\vendor\\laravel\\framework\\src\\Illuminate\\Routing\\Router.php(737): Illuminate\\Routing\\Router->dispatchToRoute(Object(Illuminate\\Http\\Request))
#47 C:\\xampp\\htdocs\\LaravelLuminaries-StaySwift-Hotel-Reservation-Application\\vendor\\laravel\\framework\\src\\Illuminate\\Foundation\\Http\\Kernel.php(200): Illuminate\\Routing\\Router->dispatch(Object(Illuminate\\Http\\Request))
#48 C:\\xampp\\htdocs\\LaravelLuminaries-StaySwift-Hotel-Reservation-Application\\vendor\\laravel\\framework\\src\\Illuminate\\Pipeline\\Pipeline.php(144): Illuminate\\Foundation\\Http\\Kernel->Illuminate\\Foundation\\Http\\{closure}(Object(Illuminate\\Http\\Request))
#49 C:\\xampp\\htdocs\\LaravelLuminaries-StaySwift-Hotel-Reservation-Application\\vendor\\laravel\\framework\\src\\Illuminate\\Foundation\\Http\\Middleware\\TransformsRequest.php(21): Illuminate\\Pipeline\\Pipeline->Illuminate\\Pipeline\\{closure}(Object(Illuminate\\Http\\Request))
#50 C:\\xampp\\htdocs\\LaravelLuminaries-StaySwift-Hotel-Reservation-Application\\vendor\\laravel\\framework\\src\\Illuminate\\Foundation\\Http\\Middleware\\ConvertEmptyStringsToNull.php(31): Illuminate\\Foundation\\Http\\Middleware\\TransformsRequest->handle(Object(Illuminate\\Http\\Request), Object(Closure))
#51 C:\\xampp\\htdocs\\LaravelLuminaries-StaySwift-Hotel-Reservation-Application\\vendor\\laravel\\framework\\src\\Illuminate\\Pipeline\\Pipeline.php(183): Illuminate\\Foundation\\Http\\Middleware\\ConvertEmptyStringsToNull->handle(Object(Illuminate\\Http\\Request), Object(Closure))
#52 C:\\xampp\\htdocs\\LaravelLuminaries-StaySwift-Hotel-Reservation-Application\\vendor\\laravel\\framework\\src\\Illuminate\\Foundation\\Http\\Middleware\\TransformsRequest.php(21): Illuminate\\Pipeline\\Pipeline->Illuminate\\Pipeline\\{closure}(Object(Illuminate\\Http\\Request))
#53 C:\\xampp\\htdocs\\LaravelLuminaries-StaySwift-Hotel-Reservation-Application\\vendor\\laravel\\framework\\src\\Illuminate\\Foundation\\Http\\Middleware\\TrimStrings.php(40): Illuminate\\Foundation\\Http\\Middleware\\TransformsRequest->handle(Object(Illuminate\\Http\\Request), Object(Closure))
#54 C:\\xampp\\htdocs\\LaravelLuminaries-StaySwift-Hotel-Reservation-Application\\vendor\\laravel\\framework\\src\\Illuminate\\Pipeline\\Pipeline.php(183): Illuminate\\Foundation\\Http\\Middleware\\TrimStrings->handle(Object(Illuminate\\Http\\Request), Object(Closure))
#55 C:\\xampp\\htdocs\\LaravelLuminaries-StaySwift-Hotel-Reservation-Application\\vendor\\laravel\\framework\\src\\Illuminate\\Foundation\\Http\\Middleware\\ValidatePostSize.php(27): Illuminate\\Pipeline\\Pipeline->Illuminate\\Pipeline\\{closure}(Object(Illuminate\\Http\\Request))
#56 C:\\xampp\\htdocs\\LaravelLuminaries-StaySwift-Hotel-Reservation-Application\\vendor\\laravel\\framework\\src\\Illuminate\\Pipeline\\Pipeline.php(183): Illuminate\\Foundation\\Http\\Middleware\\ValidatePostSize->handle(Object(Illuminate\\Http\\Request), Object(Closure))
#57 C:\\xampp\\htdocs\\LaravelLuminaries-StaySwift-Hotel-Reservation-Application\\vendor\\laravel\\framework\\src\\Illuminate\\Foundation\\Http\\Middleware\\PreventRequestsDuringMaintenance.php(99): Illuminate\\Pipeline\\Pipeline->Illuminate\\Pipeline\\{closure}(Object(Illuminate\\Http\\Request))
#58 C:\\xampp\\htdocs\\LaravelLuminaries-StaySwift-Hotel-Reservation-Application\\vendor\\laravel\\framework\\src\\Illuminate\\Pipeline\\Pipeline.php(183): Illuminate\\Foundation\\Http\\Middleware\\PreventRequestsDuringMaintenance->handle(Object(Illuminate\\Http\\Request), Object(Closure))
#59 C:\\xampp\\htdocs\\LaravelLuminaries-StaySwift-Hotel-Reservation-Application\\vendor\\laravel\\framework\\src\\Illuminate\\Http\\Middleware\\HandleCors.php(49): Illuminate\\Pipeline\\Pipeline->Illuminate\\Pipeline\\{closure}(Object(Illuminate\\Http\\Request))
#60 C:\\xampp\\htdocs\\LaravelLuminaries-StaySwift-Hotel-Reservation-Application\\vendor\\laravel\\framework\\src\\Illuminate\\Pipeline\\Pipeline.php(183): Illuminate\\Http\\Middleware\\HandleCors->handle(Object(Illuminate\\Http\\Request), Object(Closure))
#61 C:\\xampp\\htdocs\\LaravelLuminaries-StaySwift-Hotel-Reservation-Application\\vendor\\laravel\\framework\\src\\Illuminate\\Http\\Middleware\\TrustProxies.php(39): Illuminate\\Pipeline\\Pipeline->Illuminate\\Pipeline\\{closure}(Object(Illuminate\\Http\\Request))
#62 C:\\xampp\\htdocs\\LaravelLuminaries-StaySwift-Hotel-Reservation-Application\\vendor\\laravel\\framework\\src\\Illuminate\\Pipeline\\Pipeline.php(183): Illuminate\\Http\\Middleware\\TrustProxies->handle(Object(Illuminate\\Http\\Request), Object(Closure))
#63 C:\\xampp\\htdocs\\LaravelLuminaries-StaySwift-Hotel-Reservation-Application\\vendor\\laravel\\framework\\src\\Illuminate\\Pipeline\\Pipeline.php(119): Illuminate\\Pipeline\\Pipeline->Illuminate\\Pipeline\\{closure}(Object(Illuminate\\Http\\Request))
#64 C:\\xampp\\htdocs\\LaravelLuminaries-StaySwift-Hotel-Reservation-Application\\vendor\\laravel\\framework\\src\\Illuminate\\Foundation\\Http\\Kernel.php(175): Illuminate\\Pipeline\\Pipeline->then(Object(Closure))
#65 C:\\xampp\\htdocs\\LaravelLuminaries-StaySwift-Hotel-Reservation-Application\\vendor\\laravel\\framework\\src\\Illuminate\\Foundation\\Http\\Kernel.php(144): Illuminate\\Foundation\\Http\\Kernel->sendRequestThroughRouter(Object(Illuminate\\Http\\Request))
#66 C:\\xampp\\htdocs\\LaravelLuminaries-StaySwift-Hotel-Reservation-Application\\public\\index.php(51): Illuminate\\Foundation\\Http\\Kernel->handle(Object(Illuminate\\Http\\Request))
#67 C:\\xampp\\htdocs\\LaravelLuminaries-StaySwift-Hotel-Reservation-Application\\vendor\\laravel\\framework\\src\\Illuminate\\Foundation\\resources\\server.php(16): require_once('C:\\\\xampp\\\\htdocs...')
#68 {main}
"} 
[2026-06-12 00:44:53] local.ERROR: Method App\Http\Controllers\Admin::getBackOutContentForAdmin does not exist. {"exception":"[object] (BadMethodCallException(code: 0): Method App\\Http\\Controllers\\Admin::getBackOutContentForAdmin does not exist. at C:\\xampp\\htdocs\\LaravelLuminaries-StaySwift-Hotel-Reservation-Application\\vendor\\laravel\\framework\\src\\Illuminate\\Routing\\Controller.php:68)
[stacktrace]
#0 C:\\xampp\\htdocs\\LaravelLuminaries-StaySwift-Hotel-Reservation-Application\\vendor\\laravel\\framework\\src\\Illuminate\\Routing\\Controller.php(54): Illuminate\\Routing\\Controller->__call('getBackOutConte...', Array)
#1 C:\\xampp\\htdocs\\LaravelLuminaries-StaySwift-Hotel-Reservation-Application\\vendor\\laravel\\framework\\src\\Illuminate\\Routing\\ControllerDispatcher.php(43): Illuminate\\Routing\\Controller->callAction('getBackOutConte...', Array)
#2 C:\\xampp\\htdocs\\LaravelLuminaries-StaySwift-Hotel-Reservation-Application\\vendor\\laravel\\framework\\src\\Illuminate\\Routing\\Route.php(259): Illuminate\\Routing\\ControllerDispatcher->dispatch(Object(Illuminate\\Routing\\Route), Object(App\\Http\\Controllers\\Admin), 'getBackOutConte...')
#3 C:\\xampp\\htdocs\\LaravelLuminaries-StaySwift-Hotel-Reservation-Application\\vendor\\laravel\\framework\\src\\Illuminate\\Routing\\Route.php(205): Illuminate\\Routing\\Route->runController()
#4 C:\\xampp\\htdocs\\LaravelLuminaries-StaySwift-Hotel-Reservation-Application\\vendor\\laravel\\framework\\src\\Illuminate\\Routing\\Router.php(806): Illuminate\\Routing\\Route->run()
#5 C:\\xampp\\htdocs\\LaravelLuminaries-StaySwift-Hotel-Reservation-Application\\vendor\\laravel\\framework\\src\\Illuminate\\Pipeline\\Pipeline.php(144): Illuminate\\Routing\\Router->Illuminate\\Routing\\{closure}(Object(Illuminate\\Http\\Request))
#6 C:\\xampp\\htdocs\\LaravelLuminaries-StaySwift-Hotel-Reservation-Application\\vendor\\laravel\\framework\\src\\Illuminate\\Routing\\Middleware\\SubstituteBindings.php(50): Illuminate\\Pipeline\\Pipeline->Illuminate\\Pipeline\\{closure}(Object(Illuminate\\Http\\Request))
#7 C:\\xampp\\htdocs\\LaravelLuminaries-StaySwift-Hotel-Reservation-Application\\vendor\\laravel\\framework\\src\\Illuminate\\Pipeline\\Pipeline.php(183): Illuminate\\Routing\\Middleware\\SubstituteBindings->handle(Object(Illuminate\\Http\\Request), Object(Closure))
#8 C:\\xampp\\htdocs\\LaravelLuminaries-StaySwift-Hotel-Reservation-Application\\vendor\\laravel\\framework\\src\\Illuminate\\Foundation\\Http\\Middleware\\VerifyCsrfToken.php(78): Illuminate\\Pipeline\\Pipeline->Illuminate\\Pipeline\\{closure}(Object(Illuminate\\Http\\Request))
#9 C:\\xampp\\htdocs\\LaravelLuminaries-StaySwift-Hotel-Reservation-Application\\vendor\\laravel\\framework\\src\\Illuminate\\Pipeline\\Pipeline.php(183): Illuminate\\Foundation\\Http\\Middleware\\VerifyCsrfToken->handle(Object(Illuminate\\Http\\Request), Object(Closure))
#10 C:\\xampp\\htdocs\\LaravelLuminaries-StaySwift-Hotel-Reservation-Application\\vendor\\laravel\\framework\\src\\Illuminate\\View\\Middleware\\ShareErrorsFromSession.php(49): Illuminate\\Pipeline\\Pipeline->Illuminate\\Pipeline\\{closure}(Object(Illuminate\\Http\\Request))
#11 C:\\xampp\\htdocs\\LaravelLuminaries-StaySwift-Hotel-Reservation-Application\\vendor\\laravel\\framework\\src\\Illuminate\\Pipeline\\Pipeline.php(183): Illuminate\\View\\Middleware\\ShareErrorsFromSession->handle(Object(Illuminate\\Http\\Request), Object(Closure))
#12 C:\\xampp\\htdocs\\LaravelLuminaries-StaySwift-Hotel-Reservation-Application\\vendor\\laravel\\framework\\src\\Illuminate\\Session\\Middleware\\StartSession.php(121): Illuminate\\Pipeline\\Pipeline->Illuminate\\Pipeline\\{closure}(Object(Illuminate\\Http\\Request))
#13 C:\\xampp\\htdocs\\LaravelLuminaries-StaySwift-Hotel-Reservation-Application\\vendor\\laravel\\framework\\src\\Illuminate\\Session\\Middleware\\StartSession.php(64): Illuminate\\Session\\Middleware\\StartSession->handleStatefulRequest(Object(Illuminate\\Http\\Request), Object(Illuminate\\Session\\Store), Object(Closure))
#14 C:\\xampp\\htdocs\\LaravelLuminaries-StaySwift-Hotel-Reservation-Application\\vendor\\laravel\\framework\\src\\Illuminate\\Pipeline\\Pipeline.php(183): Illuminate\\Session\\Middleware\\StartSession->handle(Object(Illuminate\\Http\\Request), Object(Closure))
#15 C:\\xampp\\htdocs\\LaravelLuminaries-StaySwift-Hotel-Reservation-Application\\vendor\\laravel\\framework\\src\\Illuminate\\Cookie\\Middleware\\AddQueuedCookiesToResponse.php(37): Illuminate\\Pipeline\\Pipeline->Illuminate\\Pipeline\\{closure}(Object(Illuminate\\Http\\Request))
#16 C:\\xampp\\htdocs\\LaravelLuminaries-StaySwift-Hotel-Reservation-Application\\vendor\\laravel\\framework\\src\\Illuminate\\Pipeline\\Pipeline.php(183): Illuminate\\Cookie\\Middleware\\AddQueuedCookiesToResponse->handle(Object(Illuminate\\Http\\Request), Object(Closure))
#17 C:\\xampp\\htdocs\\LaravelLuminaries-StaySwift-Hotel-Reservation-Application\\vendor\\laravel\\framework\\src\\Illuminate\\Cookie\\Middleware\\EncryptCookies.php(67): Illuminate\\Pipeline\\Pipeline->Illuminate\\Pipeline\\{closure}(Object(Illuminate\\Http\\Request))
#18 C:\\xampp\\htdocs\\LaravelLuminaries-StaySwift-Hotel-Reservation-Application\\vendor\\laravel\\framework\\src\\Illuminate\\Pipeline\\Pipeline.php(183): Illuminate\\Cookie\\Middleware\\EncryptCookies->handle(Object(Illuminate\\Http\\Request), Object(Closure))
#19 C:\\xampp\\htdocs\\LaravelLuminaries-StaySwift-Hotel-Reservation-Application\\vendor\\laravel\\framework\\src\\Illuminate\\Pipeline\\Pipeline.php(119): Illuminate\\Pipeline\\Pipeline->Illuminate\\Pipeline\\{closure}(Object(Illuminate\\Http\\Request))
#20 C:\\xampp\\htdocs\\LaravelLuminaries-StaySwift-Hotel-Reservation-Application\\vendor\\laravel\\framework\\src\\Illuminate\\Routing\\Router.php(805): Illuminate\\Pipeline\\Pipeline->then(Object(Closure))
#21 C:\\xampp\\htdocs\\LaravelLuminaries-StaySwift-Hotel-Reservation-Application\\vendor\\laravel\\framework\\src\\Illuminate\\Routing\\Router.php(784): Illuminate\\Routing\\Router->runRouteWithinStack(Object(Illuminate\\Routing\\Route), Object(Illuminate\\Http\\Request))
#22 C:\\xampp\\htdocs\\LaravelLuminaries-StaySwift-Hotel-Reservation-Application\\vendor\\laravel\\framework\\src\\Illuminate\\Routing\\Router.php(748): Illuminate\\Routing\\Router->runRoute(Object(Illuminate\\Http\\Request), Object(Illuminate\\Routing\\Route))
#23 C:\\xampp\\htdocs\\LaravelLuminaries-StaySwift-Hotel-Reservation-Application\\vendor\\laravel\\framework\\src\\Illuminate\\Routing\\Router.php(737): Illuminate\\Routing\\Router->dispatchToRoute(Object(Illuminate\\Http\\Request))
#24 C:\\xampp\\htdocs\\LaravelLuminaries-StaySwift-Hotel-Reservation-Application\\vendor\\laravel\\framework\\src\\Illuminate\\Foundation\\Http\\Kernel.php(200): Illuminate\\Routing\\Router->dispatch(Object(Illuminate\\Http\\Request))
#25 C:\\xampp\\htdocs\\LaravelLuminaries-StaySwift-Hotel-Reservation-Application\\vendor\\laravel\\framework\\src\\Illuminate\\Pipeline\\Pipeline.php(144): Illuminate\\Foundation\\Http\\Kernel->Illuminate\\Foundation\\Http\\{closure}(Object(Illuminate\\Http\\Request))
#26 C:\\xampp\\htdocs\\LaravelLuminaries-StaySwift-Hotel-Reservation-Application\\vendor\\laravel\\framework\\src\\Illuminate\\Foundation\\Http\\Middleware\\TransformsRequest.php(21): Illuminate\\Pipeline\\Pipeline->Illuminate\\Pipeline\\{closure}(Object(Illuminate\\Http\\Request))
#27 C:\\xampp\\htdocs\\LaravelLuminaries-StaySwift-Hotel-Reservation-Application\\vendor\\laravel\\framework\\src\\Illuminate\\Foundation\\Http\\Middleware\\ConvertEmptyStringsToNull.php(31): Illuminate\\Foundation\\Http\\Middleware\\TransformsRequest->handle(Object(Illuminate\\Http\\Request), Object(Closure))
#28 C:\\xampp\\htdocs\\LaravelLuminaries-StaySwift-Hotel-Reservation-Application\\vendor\\laravel\\framework\\src\\Illuminate\\Pipeline\\Pipeline.php(183): Illuminate\\Foundation\\Http\\Middleware\\ConvertEmptyStringsToNull->handle(Object(Illuminate\\Http\\Request), Object(Closure))
#29 C:\\xampp\\htdocs\\LaravelLuminaries-StaySwift-Hotel-Reservation-Application\\vendor\\laravel\\framework\\src\\Illuminate\\Foundation\\Http\\Middleware\\TransformsRequest.php(21): Illuminate\\Pipeline\\Pipeline->Illuminate\\Pipeline\\{closure}(Object(Illuminate\\Http\\Request))
#30 C:\\xampp\\htdocs\\LaravelLuminaries-StaySwift-Hotel-Reservation-Application\\vendor\\laravel\\framework\\src\\Illuminate\\Foundation\\Http\\Middleware\\TrimStrings.php(40): Illuminate\\Foundation\\Http\\Middleware\\TransformsRequest->handle(Object(Illuminate\\Http\\Request), Object(Closure))
#31 C:\\xampp\\htdocs\\LaravelLuminaries-StaySwift-Hotel-Reservation-Application\\vendor\\laravel\\framework\\src\\Illuminate\\Pipeline\\Pipeline.php(183): Illuminate\\Foundation\\Http\\Middleware\\TrimStrings->handle(Object(Illuminate\\Http\\Request), Object(Closure))
#32 C:\\xampp\\htdocs\\LaravelLuminaries-StaySwift-Hotel-Reservation-Application\\vendor\\laravel\\framework\\src\\Illuminate\\Foundation\\Http\\Middleware\\ValidatePostSize.php(27): Illuminate\\Pipeline\\Pipeline->Illuminate\\Pipeline\\{closure}(Object(Illuminate\\Http\\Request))
#33 C:\\xampp\\htdocs\\LaravelLuminaries-StaySwift-Hotel-Reservation-Application\\vendor\\laravel\\framework\\src\\Illuminate\\Pipeline\\Pipeline.php(183): Illuminate\\Foundation\\Http\\Middleware\\ValidatePostSize->handle(Object(Illuminate\\Http\\Request), Object(Closure))
#34 C:\\xampp\\htdocs\\LaravelLuminaries-StaySwift-Hotel-Reservation-Application\\vendor\\laravel\\framework\\src\\Illuminate\\Foundation\\Http\\Middleware\\PreventRequestsDuringMaintenance.php(99): Illuminate\\Pipeline\\Pipeline->Illuminate\\Pipeline\\{closure}(Object(Illuminate\\Http\\Request))
#35 C:\\xampp\\htdocs\\LaravelLuminaries-StaySwift-Hotel-Reservation-Application\\vendor\\laravel\\framework\\src\\Illuminate\\Pipeline\\Pipeline.php(183): Illuminate\\Foundation\\Http\\Middleware\\PreventRequestsDuringMaintenance->handle(Object(Illuminate\\Http\\Request), Object(Closure))
#36 C:\\xampp\\htdocs\\LaravelLuminaries-StaySwift-Hotel-Reservation-Application\\vendor\\laravel\\framework\\src\\Illuminate\\Http\\Middleware\\HandleCors.php(49): Illuminate\\Pipeline\\Pipeline->Illuminate\\Pipeline\\{closure}(Object(Illuminate\\Http\\Request))
#37 C:\\xampp\\htdocs\\LaravelLuminaries-StaySwift-Hotel-Reservation-Application\\vendor\\laravel\\framework\\src\\Illuminate\\Pipeline\\Pipeline.php(183): Illuminate\\Http\\Middleware\\HandleCors->handle(Object(Illuminate\\Http\\Request), Object(Closure))
#38 C:\\xampp\\htdocs\\LaravelLuminaries-StaySwift-Hotel-Reservation-Application\\vendor\\laravel\\framework\\src\\Illuminate\\Http\\Middleware\\TrustProxies.php(39): Illuminate\\Pipeline\\Pipeline->Illuminate\\Pipeline\\{closure}(Object(Illuminate\\Http\\Request))
#39 C:\\xampp\\htdocs\\LaravelLuminaries-StaySwift-Hotel-Reservation-Application\\vendor\\laravel\\framework\\src\\Illuminate\\Pipeline\\Pipeline.php(183): Illuminate\\Http\\Middleware\\TrustProxies->handle(Object(Illuminate\\Http\\Request), Object(Closure))
#40 C:\\xampp\\htdocs\\LaravelLuminaries-StaySwift-Hotel-Reservation-Application\\vendor\\laravel\\framework\\src\\Illuminate\\Pipeline\\Pipeline.php(119): Illuminate\\Pipeline\\Pipeline->Illuminate\\Pipeline\\{closure}(Object(Illuminate\\Http\\Request))
#41 C:\\xampp\\htdocs\\LaravelLuminaries-StaySwift-Hotel-Reservation-Application\\vendor\\laravel\\framework\\src\\Illuminate\\Foundation\\Http\\Kernel.php(175): Illuminate\\Pipeline\\Pipeline->then(Object(Closure))
#42 C:\\xampp\\htdocs\\LaravelLuminaries-StaySwift-Hotel-Reservation-Application\\vendor\\laravel\\framework\\src\\Illuminate\\Foundation\\Http\\Kernel.php(144): Illuminate\\Foundation\\Http\\Kernel->sendRequestThroughRouter(Object(Illuminate\\Http\\Request))
#43 C:\\xampp\\htdocs\\LaravelLuminaries-StaySwift-Hotel-Reservation-Application\\public\\index.php(51): Illuminate\\Foundation\\Http\\Kernel->handle(Object(Illuminate\\Http\\Request))
#44 C:\\xampp\\htdocs\\LaravelLuminaries-StaySwift-Hotel-Reservation-Application\\vendor\\laravel\\framework\\src\\Illuminate\\Foundation\\resources\\server.php(16): require_once('C:\\\\xampp\\\\htdocs...')
#45 {main}
"} 
[2026-06-12 00:45:48] local.ERROR: Method App\Http\Controllers\Admin::getBackOutContentForAdmin does not exist. {"exception":"[object] (BadMethodCallException(code: 0): Method App\\Http\\Controllers\\Admin::getBackOutContentForAdmin does not exist. at C:\\xampp\\htdocs\\LaravelLuminaries-StaySwift-Hotel-Reservation-Application\\vendor\\laravel\\framework\\src\\Illuminate\\Routing\\Controller.php:68)
[stacktrace]
#0 C:\\xampp\\htdocs\\LaravelLuminaries-StaySwift-Hotel-Reservation-Application\\vendor\\laravel\\framework\\src\\Illuminate\\Routing\\Controller.php(54): Illuminate\\Routing\\Controller->__call('getBackOutConte...', Array)
#1 C:\\xampp\\htdocs\\LaravelLuminaries-StaySwift-Hotel-Reservation-Application\\vendor\\laravel\\framework\\src\\Illuminate\\Routing\\ControllerDispatcher.php(43): Illuminate\\Routing\\Controller->callAction('getBackOutConte...', Array)
#2 C:\\xampp\\htdocs\\LaravelLuminaries-StaySwift-Hotel-Reservation-Application\\vendor\\laravel\\framework\\src\\Illuminate\\Routing\\Route.php(259): Illuminate\\Routing\\ControllerDispatcher->dispatch(Object(Illuminate\\Routing\\Route), Object(App\\Http\\Controllers\\Admin), 'getBackOutConte...')
#3 C:\\xampp\\htdocs\\LaravelLuminaries-StaySwift-Hotel-Reservation-Application\\vendor\\laravel\\framework\\src\\Illuminate\\Routing\\Route.php(205): Illuminate\\Routing\\Route->runController()
#4 C:\\xampp\\htdocs\\LaravelLuminaries-StaySwift-Hotel-Reservation-Application\\vendor\\laravel\\framework\\src\\Illuminate\\Routing\\Router.php(806): Illuminate\\Routing\\Route->run()
#5 C:\\xampp\\htdocs\\LaravelLuminaries-StaySwift-Hotel-Reservation-Application\\vendor\\laravel\\framework\\src\\Illuminate\\Pipeline\\Pipeline.php(144): Illuminate\\Routing\\Router->Illuminate\\Routing\\{closure}(Object(Illuminate\\Http\\Request))
#6 C:\\xampp\\htdocs\\LaravelLuminaries-StaySwift-Hotel-Reservation-Application\\vendor\\laravel\\framework\\src\\Illuminate\\Routing\\Middleware\\SubstituteBindings.php(50): Illuminate\\Pipeline\\Pipeline->Illuminate\\Pipeline\\{closure}(Object(Illuminate\\Http\\Request))
#7 C:\\xampp\\htdocs\\LaravelLuminaries-StaySwift-Hotel-Reservation-Application\\vendor\\laravel\\framework\\src\\Illuminate\\Pipeline\\Pipeline.php(183): Illuminate\\Routing\\Middleware\\SubstituteBindings->handle(Object(Illuminate\\Http\\Request), Object(Closure))
#8 C:\\xampp\\htdocs\\LaravelLuminaries-StaySwift-Hotel-Reservation-Application\\vendor\\laravel\\framework\\src\\Illuminate\\Foundation\\Http\\Middleware\\VerifyCsrfToken.php(78): Illuminate\\Pipeline\\Pipeline->Illuminate\\Pipeline\\{closure}(Object(Illuminate\\Http\\Request))
#9 C:\\xampp\\htdocs\\LaravelLuminaries-StaySwift-Hotel-Reservation-Application\\vendor\\laravel\\framework\\src\\Illuminate\\Pipeline\\Pipeline.php(183): Illuminate\\Foundation\\Http\\Middleware\\VerifyCsrfToken->handle(Object(Illuminate\\Http\\Request), Object(Closure))
#10 C:\\xampp\\htdocs\\LaravelLuminaries-StaySwift-Hotel-Reservation-Application\\vendor\\laravel\\framework\\src\\Illuminate\\View\\Middleware\\ShareErrorsFromSession.php(49): Illuminate\\Pipeline\\Pipeline->Illuminate\\Pipeline\\{closure}(Object(Illuminate\\Http\\Request))
#11 C:\\xampp\\htdocs\\LaravelLuminaries-StaySwift-Hotel-Reservation-Application\\vendor\\laravel\\framework\\src\\Illuminate\\Pipeline\\Pipeline.php(183): Illuminate\\View\\Middleware\\ShareErrorsFromSession->handle(Object(Illuminate\\Http\\Request), Object(Closure))
#12 C:\\xampp\\htdocs\\LaravelLuminaries-StaySwift-Hotel-Reservation-Application\\vendor\\laravel\\framework\\src\\Illuminate\\Session\\Middleware\\StartSession.php(121): Illuminate\\Pipeline\\Pipeline->Illuminate\\Pipeline\\{closure}(Object(Illuminate\\Http\\Request))
#13 C:\\xampp\\htdocs\\LaravelLuminaries-StaySwift-Hotel-Reservation-Application\\vendor\\laravel\\framework\\src\\Illuminate\\Session\\Middleware\\StartSession.php(64): Illuminate\\Session\\Middleware\\StartSession->handleStatefulRequest(Object(Illuminate\\Http\\Request), Object(Illuminate\\Session\\Store), Object(Closure))
#14 C:\\xampp\\htdocs\\LaravelLuminaries-StaySwift-Hotel-Reservation-Application\\vendor\\laravel\\framework\\src\\Illuminate\\Pipeline\\Pipeline.php(183): Illuminate\\Session\\Middleware\\StartSession->handle(Object(Illuminate\\Http\\Request), Object(Closure))
#15 C:\\xampp\\htdocs\\LaravelLuminaries-StaySwift-Hotel-Reservation-Application\\vendor\\laravel\\framework\\src\\Illuminate\\Cookie\\Middleware\\AddQueuedCookiesToResponse.php(37): Illuminate\\Pipeline\\Pipeline->Illuminate\\Pipeline\\{closure}(Object(Illuminate\\Http\\Request))
#16 C:\\xampp\\htdocs\\LaravelLuminaries-StaySwift-Hotel-Reservation-Application\\vendor\\laravel\\framework\\src\\Illuminate\\Pipeline\\Pipeline.php(183): Illuminate\\Cookie\\Middleware\\AddQueuedCookiesToResponse->handle(Object(Illuminate\\Http\\Request), Object(Closure))
#17 C:\\xampp\\htdocs\\LaravelLuminaries-StaySwift-Hotel-Reservation-Application\\vendor\\laravel\\framework\\src\\Illuminate\\Cookie\\Middleware\\EncryptCookies.php(67): Illuminate\\Pipeline\\Pipeline->Illuminate\\Pipeline\\{closure}(Object(Illuminate\\Http\\Request))
#18 C:\\xampp\\htdocs\\LaravelLuminaries-StaySwift-Hotel-Reservation-Application\\vendor\\laravel\\framework\\src\\Illuminate\\Pipeline\\Pipeline.php(183): Illuminate\\Cookie\\Middleware\\EncryptCookies->handle(Object(Illuminate\\Http\\Request), Object(Closure))
#19 C:\\xampp\\htdocs\\LaravelLuminaries-StaySwift-Hotel-Reservation-Application\\vendor\\laravel\\framework\\src\\Illuminate\\Pipeline\\Pipeline.php(119): Illuminate\\Pipeline\\Pipeline->Illuminate\\Pipeline\\{closure}(Object(Illuminate\\Http\\Request))
#20 C:\\xampp\\htdocs\\LaravelLuminaries-StaySwift-Hotel-Reservation-Application\\vendor\\laravel\\framework\\src\\Illuminate\\Routing\\Router.php(805): Illuminate\\Pipeline\\Pipeline->then(Object(Closure))
#21 C:\\xampp\\htdocs\\LaravelLuminaries-StaySwift-Hotel-Reservation-Application\\vendor\\laravel\\framework\\src\\Illuminate\\Routing\\Router.php(784): Illuminate\\Routing\\Router->runRouteWithinStack(Object(Illuminate\\Routing\\Route), Object(Illuminate\\Http\\Request))
#22 C:\\xampp\\htdocs\\LaravelLuminaries-StaySwift-Hotel-Reservation-Application\\vendor\\laravel\\framework\\src\\Illuminate\\Routing\\Router.php(748): Illuminate\\Routing\\Router->runRoute(Object(Illuminate\\Http\\Request), Object(Illuminate\\Routing\\Route))
#23 C:\\xampp\\htdocs\\LaravelLuminaries-StaySwift-Hotel-Reservation-Application\\vendor\\laravel\\framework\\src\\Illuminate\\Routing\\Router.php(737): Illuminate\\Routing\\Router->dispatchToRoute(Object(Illuminate\\Http\\Request))
#24 C:\\xampp\\htdocs\\LaravelLuminaries-StaySwift-Hotel-Reservation-Application\\vendor\\laravel\\framework\\src\\Illuminate\\Foundation\\Http\\Kernel.php(200): Illuminate\\Routing\\Router->dispatch(Object(Illuminate\\Http\\Request))
#25 C:\\xampp\\htdocs\\LaravelLuminaries-StaySwift-Hotel-Reservation-Application\\vendor\\laravel\\framework\\src\\Illuminate\\Pipeline\\Pipeline.php(144): Illuminate\\Foundation\\Http\\Kernel->Illuminate\\Foundation\\Http\\{closure}(Object(Illuminate\\Http\\Request))
#26 C:\\xampp\\htdocs\\LaravelLuminaries-StaySwift-Hotel-Reservation-Application\\vendor\\laravel\\framework\\src\\Illuminate\\Foundation\\Http\\Middleware\\TransformsRequest.php(21): Illuminate\\Pipeline\\Pipeline->Illuminate\\Pipeline\\{closure}(Object(Illuminate\\Http\\Request))
#27 C:\\xampp\\htdocs\\LaravelLuminaries-StaySwift-Hotel-Reservation-Application\\vendor\\laravel\\framework\\src\\Illuminate\\Foundation\\Http\\Middleware\\ConvertEmptyStringsToNull.php(31): Illuminate\\Foundation\\Http\\Middleware\\TransformsRequest->handle(Object(Illuminate\\Http\\Request), Object(Closure))
#28 C:\\xampp\\htdocs\\LaravelLuminaries-StaySwift-Hotel-Reservation-Application\\vendor\\laravel\\framework\\src\\Illuminate\\Pipeline\\Pipeline.php(183): Illuminate\\Foundation\\Http\\Middleware\\ConvertEmptyStringsToNull->handle(Object(Illuminate\\Http\\Request), Object(Closure))
#29 C:\\xampp\\htdocs\\LaravelLuminaries-StaySwift-Hotel-Reservation-Application\\vendor\\laravel\\framework\\src\\Illuminate\\Foundation\\Http\\Middleware\\TransformsRequest.php(21): Illuminate\\Pipeline\\Pipeline->Illuminate\\Pipeline\\{closure}(Object(Illuminate\\Http\\Request))
#30 C:\\xampp\\htdocs\\LaravelLuminaries-StaySwift-Hotel-Reservation-Application\\vendor\\laravel\\framework\\src\\Illuminate\\Foundation\\Http\\Middleware\\TrimStrings.php(40): Illuminate\\Foundation\\Http\\Middleware\\TransformsRequest->handle(Object(Illuminate\\Http\\Request), Object(Closure))
#31 C:\\xampp\\htdocs\\LaravelLuminaries-StaySwift-Hotel-Reservation-Application\\vendor\\laravel\\framework\\src\\Illuminate\\Pipeline\\Pipeline.php(183): Illuminate\\Foundation\\Http\\Middleware\\TrimStrings->handle(Object(Illuminate\\Http\\Request), Object(Closure))
#32 C:\\xampp\\htdocs\\LaravelLuminaries-StaySwift-Hotel-Reservation-Application\\vendor\\laravel\\framework\\src\\Illuminate\\Foundation\\Http\\Middleware\\ValidatePostSize.php(27): Illuminate\\Pipeline\\Pipeline->Illuminate\\Pipeline\\{closure}(Object(Illuminate\\Http\\Request))
#33 C:\\xampp\\htdocs\\LaravelLuminaries-StaySwift-Hotel-Reservation-Application\\vendor\\laravel\\framework\\src\\Illuminate\\Pipeline\\Pipeline.php(183): Illuminate\\Foundation\\Http\\Middleware\\ValidatePostSize->handle(Object(Illuminate\\Http\\Request), Object(Closure))
#34 C:\\xampp\\htdocs\\LaravelLuminaries-StaySwift-Hotel-Reservation-Application\\vendor\\laravel\\framework\\src\\Illuminate\\Foundation\\Http\\Middleware\\PreventRequestsDuringMaintenance.php(99): Illuminate\\Pipeline\\Pipeline->Illuminate\\Pipeline\\{closure}(Object(Illuminate\\Http\\Request))
#35 C:\\xampp\\htdocs\\LaravelLuminaries-StaySwift-Hotel-Reservation-Application\\vendor\\laravel\\framework\\src\\Illuminate\\Pipeline\\Pipeline.php(183): Illuminate\\Foundation\\Http\\Middleware\\PreventRequestsDuringMaintenance->handle(Object(Illuminate\\Http\\Request), Object(Closure))
#36 C:\\xampp\\htdocs\\LaravelLuminaries-StaySwift-Hotel-Reservation-Application\\vendor\\laravel\\framework\\src\\Illuminate\\Http\\Middleware\\HandleCors.php(49): Illuminate\\Pipeline\\Pipeline->Illuminate\\Pipeline\\{closure}(Object(Illuminate\\Http\\Request))
#37 C:\\xampp\\htdocs\\LaravelLuminaries-StaySwift-Hotel-Reservation-Application\\vendor\\laravel\\framework\\src\\Illuminate\\Pipeline\\Pipeline.php(183): Illuminate\\Http\\Middleware\\HandleCors->handle(Object(Illuminate\\Http\\Request), Object(Closure))
#38 C:\\xampp\\htdocs\\LaravelLuminaries-StaySwift-Hotel-Reservation-Application\\vendor\\laravel\\framework\\src\\Illuminate\\Http\\Middleware\\TrustProxies.php(39): Illuminate\\Pipeline\\Pipeline->Illuminate\\Pipeline\\{closure}(Object(Illuminate\\Http\\Request))
#39 C:\\xampp\\htdocs\\LaravelLuminaries-StaySwift-Hotel-Reservation-Application\\vendor\\laravel\\framework\\src\\Illuminate\\Pipeline\\Pipeline.php(183): Illuminate\\Http\\Middleware\\TrustProxies->handle(Object(Illuminate\\Http\\Request), Object(Closure))
#40 C:\\xampp\\htdocs\\LaravelLuminaries-StaySwift-Hotel-Reservation-Application\\vendor\\laravel\\framework\\src\\Illuminate\\Pipeline\\Pipeline.php(119): Illuminate\\Pipeline\\Pipeline->Illuminate\\Pipeline\\{closure}(Object(Illuminate\\Http\\Request))
#41 C:\\xampp\\htdocs\\LaravelLuminaries-StaySwift-Hotel-Reservation-Application\\vendor\\laravel\\framework\\src\\Illuminate\\Foundation\\Http\\Kernel.php(175): Illuminate\\Pipeline\\Pipeline->then(Object(Closure))
#42 C:\\xampp\\htdocs\\LaravelLuminaries-StaySwift-Hotel-Reservation-Application\\vendor\\laravel\\framework\\src\\Illuminate\\Foundation\\Http\\Kernel.php(144): Illuminate\\Foundation\\Http\\Kernel->sendRequestThroughRouter(Object(Illuminate\\Http\\Request))
#43 C:\\xampp\\htdocs\\LaravelLuminaries-StaySwift-Hotel-Reservation-Application\\public\\index.php(51): Illuminate\\Foundation\\Http\\Kernel->handle(Object(Illuminate\\Http\\Request))
#44 C:\\xampp\\htdocs\\LaravelLuminaries-StaySwift-Hotel-Reservation-Application\\vendor\\laravel\\framework\\src\\Illuminate\\Foundation\\resources\\server.php(16): require_once('C:\\\\xampp\\\\htdocs...')
#45 {main}
"} 
[2026-06-12 01:13:24] local.ERROR: Method App\Http\Controllers\Admin::getBackOutContentForAdmin does not exist. {"exception":"[object] (BadMethodCallException(code: 0): Method App\\Http\\Controllers\\Admin::getBackOutContentForAdmin does not exist. at C:\\xampp\\htdocs\\LaravelLuminaries-StaySwift-Hotel-Reservation-Application\\vendor\\laravel\\framework\\src\\Illuminate\\Routing\\Controller.php:68)
[stacktrace]
#0 C:\\xampp\\htdocs\\LaravelLuminaries-StaySwift-Hotel-Reservation-Application\\vendor\\laravel\\framework\\src\\Illuminate\\Routing\\Controller.php(54): Illuminate\\Routing\\Controller->__call('getBackOutConte...', Array)
#1 C:\\xampp\\htdocs\\LaravelLuminaries-StaySwift-Hotel-Reservation-Application\\vendor\\laravel\\framework\\src\\Illuminate\\Routing\\ControllerDispatcher.php(43): Illuminate\\Routing\\Controller->callAction('getBackOutConte...', Array)
#2 C:\\xampp\\htdocs\\LaravelLuminaries-StaySwift-Hotel-Reservation-Application\\vendor\\laravel\\framework\\src\\Illuminate\\Routing\\Route.php(259): Illuminate\\Routing\\ControllerDispatcher->dispatch(Object(Illuminate\\Routing\\Route), Object(App\\Http\\Controllers\\Admin), 'getBackOutConte...')
#3 C:\\xampp\\htdocs\\LaravelLuminaries-StaySwift-Hotel-Reservation-Application\\vendor\\laravel\\framework\\src\\Illuminate\\Routing\\Route.php(205): Illuminate\\Routing\\Route->runController()
#4 C:\\xampp\\htdocs\\LaravelLuminaries-StaySwift-Hotel-Reservation-Application\\vendor\\laravel\\framework\\src\\Illuminate\\Routing\\Router.php(806): Illuminate\\Routing\\Route->run()
#5 C:\\xampp\\htdocs\\LaravelLuminaries-StaySwift-Hotel-Reservation-Application\\vendor\\laravel\\framework\\src\\Illuminate\\Pipeline\\Pipeline.php(144): Illuminate\\Routing\\Router->Illuminate\\Routing\\{closure}(Object(Illuminate\\Http\\Request))
#6 C:\\xampp\\htdocs\\LaravelLuminaries-StaySwift-Hotel-Reservation-Application\\vendor\\laravel\\framework\\src\\Illuminate\\Routing\\Middleware\\SubstituteBindings.php(50): Illuminate\\Pipeline\\Pipeline->Illuminate\\Pipeline\\{closure}(Object(Illuminate\\Http\\Request))
#7 C:\\xampp\\htdocs\\LaravelLuminaries-StaySwift-Hotel-Reservation-Application\\vendor\\laravel\\framework\\src\\Illuminate\\Pipeline\\Pipeline.php(183): Illuminate\\Routing\\Middleware\\SubstituteBindings->handle(Object(Illuminate\\Http\\Request), Object(Closure))
#8 C:\\xampp\\htdocs\\LaravelLuminaries-StaySwift-Hotel-Reservation-Application\\vendor\\laravel\\framework\\src\\Illuminate\\Foundation\\Http\\Middleware\\VerifyCsrfToken.php(78): Illuminate\\Pipeline\\Pipeline->Illuminate\\Pipeline\\{closure}(Object(Illuminate\\Http\\Request))
#9 C:\\xampp\\htdocs\\LaravelLuminaries-StaySwift-Hotel-Reservation-Application\\vendor\\laravel\\framework\\src\\Illuminate\\Pipeline\\Pipeline.php(183): Illuminate\\Foundation\\Http\\Middleware\\VerifyCsrfToken->handle(Object(Illuminate\\Http\\Request), Object(Closure))
#10 C:\\xampp\\htdocs\\LaravelLuminaries-StaySwift-Hotel-Reservation-Application\\vendor\\laravel\\framework\\src\\Illuminate\\View\\Middleware\\ShareErrorsFromSession.php(49): Illuminate\\Pipeline\\Pipeline->Illuminate\\Pipeline\\{closure}(Object(Illuminate\\Http\\Request))
#11 C:\\xampp\\htdocs\\LaravelLuminaries-StaySwift-Hotel-Reservation-Application\\vendor\\laravel\\framework\\src\\Illuminate\\Pipeline\\Pipeline.php(183): Illuminate\\View\\Middleware\\ShareErrorsFromSession->handle(Object(Illuminate\\Http\\Request), Object(Closure))
#12 C:\\xampp\\htdocs\\LaravelLuminaries-StaySwift-Hotel-Reservation-Application\\vendor\\laravel\\framework\\src\\Illuminate\\Session\\Middleware\\StartSession.php(121): Illuminate\\Pipeline\\Pipeline->Illuminate\\Pipeline\\{closure}(Object(Illuminate\\Http\\Request))
#13 C:\\xampp\\htdocs\\LaravelLuminaries-StaySwift-Hotel-Reservation-Application\\vendor\\laravel\\framework\\src\\Illuminate\\Session\\Middleware\\StartSession.php(64): Illuminate\\Session\\Middleware\\StartSession->handleStatefulRequest(Object(Illuminate\\Http\\Request), Object(Illuminate\\Session\\Store), Object(Closure))
#14 C:\\xampp\\htdocs\\LaravelLuminaries-StaySwift-Hotel-Reservation-Application\\vendor\\laravel\\framework\\src\\Illuminate\\Pipeline\\Pipeline.php(183): Illuminate\\Session\\Middleware\\StartSession->handle(Object(Illuminate\\Http\\Request), Object(Closure))
#15 C:\\xampp\\htdocs\\LaravelLuminaries-StaySwift-Hotel-Reservation-Application\\vendor\\laravel\\framework\\src\\Illuminate\\Cookie\\Middleware\\AddQueuedCookiesToResponse.php(37): Illuminate\\Pipeline\\Pipeline->Illuminate\\Pipeline\\{closure}(Object(Illuminate\\Http\\Request))
#16 C:\\xampp\\htdocs\\LaravelLuminaries-StaySwift-Hotel-Reservation-Application\\vendor\\laravel\\framework\\src\\Illuminate\\Pipeline\\Pipeline.php(183): Illuminate\\Cookie\\Middleware\\AddQueuedCookiesToResponse->handle(Object(Illuminate\\Http\\Request), Object(Closure))
#17 C:\\xampp\\htdocs\\LaravelLuminaries-StaySwift-Hotel-Reservation-Application\\vendor\\laravel\\framework\\src\\Illuminate\\Cookie\\Middleware\\EncryptCookies.php(67): Illuminate\\Pipeline\\Pipeline->Illuminate\\Pipeline\\{closure}(Object(Illuminate\\Http\\Request))
#18 C:\\xampp\\htdocs\\LaravelLuminaries-StaySwift-Hotel-Reservation-Application\\vendor\\laravel\\framework\\src\\Illuminate\\Pipeline\\Pipeline.php(183): Illuminate\\Cookie\\Middleware\\EncryptCookies->handle(Object(Illuminate\\Http\\Request), Object(Closure))
#19 C:\\xampp\\htdocs\\LaravelLuminaries-StaySwift-Hotel-Reservation-Application\\vendor\\laravel\\framework\\src\\Illuminate\\Pipeline\\Pipeline.php(119): Illuminate\\Pipeline\\Pipeline->Illuminate\\Pipeline\\{closure}(Object(Illuminate\\Http\\Request))
#20 C:\\xampp\\htdocs\\LaravelLuminaries-StaySwift-Hotel-Reservation-Application\\vendor\\laravel\\framework\\src\\Illuminate\\Routing\\Router.php(805): Illuminate\\Pipeline\\Pipeline->then(Object(Closure))
#21 C:\\xampp\\htdocs\\LaravelLuminaries-StaySwift-Hotel-Reservation-Application\\vendor\\laravel\\framework\\src\\Illuminate\\Routing\\Router.php(784): Illuminate\\Routing\\Router->runRouteWithinStack(Object(Illuminate\\Routing\\Route), Object(Illuminate\\Http\\Request))
#22 C:\\xampp\\htdocs\\LaravelLuminaries-StaySwift-Hotel-Reservation-Application\\vendor\\laravel\\framework\\src\\Illuminate\\Routing\\Router.php(748): Illuminate\\Routing\\Router->runRoute(Object(Illuminate\\Http\\Request), Object(Illuminate\\Routing\\Route))
#23 C:\\xampp\\htdocs\\LaravelLuminaries-StaySwift-Hotel-Reservation-Application\\vendor\\laravel\\framework\\src\\Illuminate\\Routing\\Router.php(737): Illuminate\\Routing\\Router->dispatchToRoute(Object(Illuminate\\Http\\Request))
#24 C:\\xampp\\htdocs\\LaravelLuminaries-StaySwift-Hotel-Reservation-Application\\vendor\\laravel\\framework\\src\\Illuminate\\Foundation\\Http\\Kernel.php(200): Illuminate\\Routing\\Router->dispatch(Object(Illuminate\\Http\\Request))
#25 C:\\xampp\\htdocs\\LaravelLuminaries-StaySwift-Hotel-Reservation-Application\\vendor\\laravel\\framework\\src\\Illuminate\\Pipeline\\Pipeline.php(144): Illuminate\\Foundation\\Http\\Kernel->Illuminate\\Foundation\\Http\\{closure}(Object(Illuminate\\Http\\Request))
#26 C:\\xampp\\htdocs\\LaravelLuminaries-StaySwift-Hotel-Reservation-Application\\vendor\\laravel\\framework\\src\\Illuminate\\Foundation\\Http\\Middleware\\TransformsRequest.php(21): Illuminate\\Pipeline\\Pipeline->Illuminate\\Pipeline\\{closure}(Object(Illuminate\\Http\\Request))
#27 C:\\xampp\\htdocs\\LaravelLuminaries-StaySwift-Hotel-Reservation-Application\\vendor\\laravel\\framework\\src\\Illuminate\\Foundation\\Http\\Middleware\\ConvertEmptyStringsToNull.php(31): Illuminate\\Foundation\\Http\\Middleware\\TransformsRequest->handle(Object(Illuminate\\Http\\Request), Object(Closure))
#28 C:\\xampp\\htdocs\\LaravelLuminaries-StaySwift-Hotel-Reservation-Application\\vendor\\laravel\\framework\\src\\Illuminate\\Pipeline\\Pipeline.php(183): Illuminate\\Foundation\\Http\\Middleware\\ConvertEmptyStringsToNull->handle(Object(Illuminate\\Http\\Request), Object(Closure))
#29 C:\\xampp\\htdocs\\LaravelLuminaries-StaySwift-Hotel-Reservation-Application\\vendor\\laravel\\framework\\src\\Illuminate\\Foundation\\Http\\Middleware\\TransformsRequest.php(21): Illuminate\\Pipeline\\Pipeline->Illuminate\\Pipeline\\{closure}(Object(Illuminate\\Http\\Request))
#30 C:\\xampp\\htdocs\\LaravelLuminaries-StaySwift-Hotel-Reservation-Application\\vendor\\laravel\\framework\\src\\Illuminate\\Foundation\\Http\\Middleware\\TrimStrings.php(40): Illuminate\\Foundation\\Http\\Middleware\\TransformsRequest->handle(Object(Illuminate\\Http\\Request), Object(Closure))
#31 C:\\xampp\\htdocs\\LaravelLuminaries-StaySwift-Hotel-Reservation-Application\\vendor\\laravel\\framework\\src\\Illuminate\\Pipeline\\Pipeline.php(183): Illuminate\\Foundation\\Http\\Middleware\\TrimStrings->handle(Object(Illuminate\\Http\\Request), Object(Closure))
#32 C:\\xampp\\htdocs\\LaravelLuminaries-StaySwift-Hotel-Reservation-Application\\vendor\\laravel\\framework\\src\\Illuminate\\Foundation\\Http\\Middleware\\ValidatePostSize.php(27): Illuminate\\Pipeline\\Pipeline->Illuminate\\Pipeline\\{closure}(Object(Illuminate\\Http\\Request))
#33 C:\\xampp\\htdocs\\LaravelLuminaries-StaySwift-Hotel-Reservation-Application\\vendor\\laravel\\framework\\src\\Illuminate\\Pipeline\\Pipeline.php(183): Illuminate\\Foundation\\Http\\Middleware\\ValidatePostSize->handle(Object(Illuminate\\Http\\Request), Object(Closure))
#34 C:\\xampp\\htdocs\\LaravelLuminaries-StaySwift-Hotel-Reservation-Application\\vendor\\laravel\\framework\\src\\Illuminate\\Foundation\\Http\\Middleware\\PreventRequestsDuringMaintenance.php(99): Illuminate\\Pipeline\\Pipeline->Illuminate\\Pipeline\\{closure}(Object(Illuminate\\Http\\Request))
#35 C:\\xampp\\htdocs\\LaravelLuminaries-StaySwift-Hotel-Reservation-Application\\vendor\\laravel\\framework\\src\\Illuminate\\Pipeline\\Pipeline.php(183): Illuminate\\Foundation\\Http\\Middleware\\PreventRequestsDuringMaintenance->handle(Object(Illuminate\\Http\\Request), Object(Closure))
#36 C:\\xampp\\htdocs\\LaravelLuminaries-StaySwift-Hotel-Reservation-Application\\vendor\\laravel\\framework\\src\\Illuminate\\Http\\Middleware\\HandleCors.php(49): Illuminate\\Pipeline\\Pipeline->Illuminate\\Pipeline\\{closure}(Object(Illuminate\\Http\\Request))
#37 C:\\xampp\\htdocs\\LaravelLuminaries-StaySwift-Hotel-Reservation-Application\\vendor\\laravel\\framework\\src\\Illuminate\\Pipeline\\Pipeline.php(183): Illuminate\\Http\\Middleware\\HandleCors->handle(Object(Illuminate\\Http\\Request), Object(Closure))
#38 C:\\xampp\\htdocs\\LaravelLuminaries-StaySwift-Hotel-Reservation-Application\\vendor\\laravel\\framework\\src\\Illuminate\\Http\\Middleware\\TrustProxies.php(39): Illuminate\\Pipeline\\Pipeline->Illuminate\\Pipeline\\{closure}(Object(Illuminate\\Http\\Request))
#39 C:\\xampp\\htdocs\\LaravelLuminaries-StaySwift-Hotel-Reservation-Application\\vendor\\laravel\\framework\\src\\Illuminate\\Pipeline\\Pipeline.php(183): Illuminate\\Http\\Middleware\\TrustProxies->handle(Object(Illuminate\\Http\\Request), Object(Closure))
#40 C:\\xampp\\htdocs\\LaravelLuminaries-StaySwift-Hotel-Reservation-Application\\vendor\\laravel\\framework\\src\\Illuminate\\Pipeline\\Pipeline.php(119): Illuminate\\Pipeline\\Pipeline->Illuminate\\Pipeline\\{closure}(Object(Illuminate\\Http\\Request))
#41 C:\\xampp\\htdocs\\LaravelLuminaries-StaySwift-Hotel-Reservation-Application\\vendor\\laravel\\framework\\src\\Illuminate\\Foundation\\Http\\Kernel.php(175): Illuminate\\Pipeline\\Pipeline->then(Object(Closure))
#42 C:\\xampp\\htdocs\\LaravelLuminaries-StaySwift-Hotel-Reservation-Application\\vendor\\laravel\\framework\\src\\Illuminate\\Foundation\\Http\\Kernel.php(144): Illuminate\\Foundation\\Http\\Kernel->sendRequestThroughRouter(Object(Illuminate\\Http\\Request))
#43 C:\\xampp\\htdocs\\LaravelLuminaries-StaySwift-Hotel-Reservation-Application\\public\\index.php(51): Illuminate\\Foundation\\Http\\Kernel->handle(Object(Illuminate\\Http\\Request))
#44 C:\\xampp\\htdocs\\LaravelLuminaries-StaySwift-Hotel-Reservation-Application\\vendor\\laravel\\framework\\src\\Illuminate\\Foundation\\resources\\server.php(16): require_once('C:\\\\xampp\\\\htdocs...')
#45 {main}
"} 
[2026-06-12 01:13:56] local.ERROR: Method App\Http\Controllers\Admin::getBackOutContentForAdmin does not exist. {"exception":"[object] (BadMethodCallException(code: 0): Method App\\Http\\Controllers\\Admin::getBackOutContentForAdmin does not exist. at C:\\xampp\\htdocs\\LaravelLuminaries-StaySwift-Hotel-Reservation-Application\\vendor\\laravel\\framework\\src\\Illuminate\\Routing\\Controller.php:68)
[stacktrace]
#0 C:\\xampp\\htdocs\\LaravelLuminaries-StaySwift-Hotel-Reservation-Application\\vendor\\laravel\\framework\\src\\Illuminate\\Routing\\Controller.php(54): Illuminate\\Routing\\Controller->__call('getBackOutConte...', Array)
#1 C:\\xampp\\htdocs\\LaravelLuminaries-StaySwift-Hotel-Reservation-Application\\vendor\\laravel\\framework\\src\\Illuminate\\Routing\\ControllerDispatcher.php(43): Illuminate\\Routing\\Controller->callAction('getBackOutConte...', Array)
#2 C:\\xampp\\htdocs\\LaravelLuminaries-StaySwift-Hotel-Reservation-Application\\vendor\\laravel\\framework\\src\\Illuminate\\Routing\\Route.php(259): Illuminate\\Routing\\ControllerDispatcher->dispatch(Object(Illuminate\\Routing\\Route), Object(App\\Http\\Controllers\\Admin), 'getBackOutConte...')
#3 C:\\xampp\\htdocs\\LaravelLuminaries-StaySwift-Hotel-Reservation-Application\\vendor\\laravel\\framework\\src\\Illuminate\\Routing\\Route.php(205): Illuminate\\Routing\\Route->runController()
#4 C:\\xampp\\htdocs\\LaravelLuminaries-StaySwift-Hotel-Reservation-Application\\vendor\\laravel\\framework\\src\\Illuminate\\Routing\\Router.php(806): Illuminate\\Routing\\Route->run()
#5 C:\\xampp\\htdocs\\LaravelLuminaries-StaySwift-Hotel-Reservation-Application\\vendor\\laravel\\framework\\src\\Illuminate\\Pipeline\\Pipeline.php(144): Illuminate\\Routing\\Router->Illuminate\\Routing\\{closure}(Object(Illuminate\\Http\\Request))
#6 C:\\xampp\\htdocs\\LaravelLuminaries-StaySwift-Hotel-Reservation-Application\\vendor\\laravel\\framework\\src\\Illuminate\\Routing\\Middleware\\SubstituteBindings.php(50): Illuminate\\Pipeline\\Pipeline->Illuminate\\Pipeline\\{closure}(Object(Illuminate\\Http\\Request))
#7 C:\\xampp\\htdocs\\LaravelLuminaries-StaySwift-Hotel-Reservation-Application\\vendor\\laravel\\framework\\src\\Illuminate\\Pipeline\\Pipeline.php(183): Illuminate\\Routing\\Middleware\\SubstituteBindings->handle(Object(Illuminate\\Http\\Request), Object(Closure))
#8 C:\\xampp\\htdocs\\LaravelLuminaries-StaySwift-Hotel-Reservation-Application\\vendor\\laravel\\framework\\src\\Illuminate\\Foundation\\Http\\Middleware\\VerifyCsrfToken.php(78): Illuminate\\Pipeline\\Pipeline->Illuminate\\Pipeline\\{closure}(Object(Illuminate\\Http\\Request))
#9 C:\\xampp\\htdocs\\LaravelLuminaries-StaySwift-Hotel-Reservation-Application\\vendor\\laravel\\framework\\src\\Illuminate\\Pipeline\\Pipeline.php(183): Illuminate\\Foundation\\Http\\Middleware\\VerifyCsrfToken->handle(Object(Illuminate\\Http\\Request), Object(Closure))
#10 C:\\xampp\\htdocs\\LaravelLuminaries-StaySwift-Hotel-Reservation-Application\\vendor\\laravel\\framework\\src\\Illuminate\\View\\Middleware\\ShareErrorsFromSession.php(49): Illuminate\\Pipeline\\Pipeline->Illuminate\\Pipeline\\{closure}(Object(Illuminate\\Http\\Request))
#11 C:\\xampp\\htdocs\\LaravelLuminaries-StaySwift-Hotel-Reservation-Application\\vendor\\laravel\\framework\\src\\Illuminate\\Pipeline\\Pipeline.php(183): Illuminate\\View\\Middleware\\ShareErrorsFromSession->handle(Object(Illuminate\\Http\\Request), Object(Closure))
#12 C:\\xampp\\htdocs\\LaravelLuminaries-StaySwift-Hotel-Reservation-Application\\vendor\\laravel\\framework\\src\\Illuminate\\Session\\Middleware\\StartSession.php(121): Illuminate\\Pipeline\\Pipeline->Illuminate\\Pipeline\\{closure}(Object(Illuminate\\Http\\Request))
#13 C:\\xampp\\htdocs\\LaravelLuminaries-StaySwift-Hotel-Reservation-Application\\vendor\\laravel\\framework\\src\\Illuminate\\Session\\Middleware\\StartSession.php(64): Illuminate\\Session\\Middleware\\StartSession->handleStatefulRequest(Object(Illuminate\\Http\\Request), Object(Illuminate\\Session\\Store), Object(Closure))
#14 C:\\xampp\\htdocs\\LaravelLuminaries-StaySwift-Hotel-Reservation-Application\\vendor\\laravel\\framework\\src\\Illuminate\\Pipeline\\Pipeline.php(183): Illuminate\\Session\\Middleware\\StartSession->handle(Object(Illuminate\\Http\\Request), Object(Closure))
#15 C:\\xampp\\htdocs\\LaravelLuminaries-StaySwift-Hotel-Reservation-Application\\vendor\\laravel\\framework\\src\\Illuminate\\Cookie\\Middleware\\AddQueuedCookiesToResponse.php(37): Illuminate\\Pipeline\\Pipeline->Illuminate\\Pipeline\\{closure}(Object(Illuminate\\Http\\Request))
#16 C:\\xampp\\htdocs\\LaravelLuminaries-StaySwift-Hotel-Reservation-Application\\vendor\\laravel\\framework\\src\\Illuminate\\Pipeline\\Pipeline.php(183): Illuminate\\Cookie\\Middleware\\AddQueuedCookiesToResponse->handle(Object(Illuminate\\Http\\Request), Object(Closure))
#17 C:\\xampp\\htdocs\\LaravelLuminaries-StaySwift-Hotel-Reservation-Application\\vendor\\laravel\\framework\\src\\Illuminate\\Cookie\\Middleware\\EncryptCookies.php(67): Illuminate\\Pipeline\\Pipeline->Illuminate\\Pipeline\\{closure}(Object(Illuminate\\Http\\Request))
#18 C:\\xampp\\htdocs\\LaravelLuminaries-StaySwift-Hotel-Reservation-Application\\vendor\\laravel\\framework\\src\\Illuminate\\Pipeline\\Pipeline.php(183): Illuminate\\Cookie\\Middleware\\EncryptCookies->handle(Object(Illuminate\\Http\\Request), Object(Closure))
#19 C:\\xampp\\htdocs\\LaravelLuminaries-StaySwift-Hotel-Reservation-Application\\vendor\\laravel\\framework\\src\\Illuminate\\Pipeline\\Pipeline.php(119): Illuminate\\Pipeline\\Pipeline->Illuminate\\Pipeline\\{closure}(Object(Illuminate\\Http\\Request))
#20 C:\\xampp\\htdocs\\LaravelLuminaries-StaySwift-Hotel-Reservation-Application\\vendor\\laravel\\framework\\src\\Illuminate\\Routing\\Router.php(805): Illuminate\\Pipeline\\Pipeline->then(Object(Closure))
#21 C:\\xampp\\htdocs\\LaravelLuminaries-StaySwift-Hotel-Reservation-Application\\vendor\\laravel\\framework\\src\\Illuminate\\Routing\\Router.php(784): Illuminate\\Routing\\Router->runRouteWithinStack(Object(Illuminate\\Routing\\Route), Object(Illuminate\\Http\\Request))
#22 C:\\xampp\\htdocs\\LaravelLuminaries-StaySwift-Hotel-Reservation-Application\\vendor\\laravel\\framework\\src\\Illuminate\\Routing\\Router.php(748): Illuminate\\Routing\\Router->runRoute(Object(Illuminate\\Http\\Request), Object(Illuminate\\Routing\\Route))
#23 C:\\xampp\\htdocs\\LaravelLuminaries-StaySwift-Hotel-Reservation-Application\\vendor\\laravel\\framework\\src\\Illuminate\\Routing\\Router.php(737): Illuminate\\Routing\\Router->dispatchToRoute(Object(Illuminate\\Http\\Request))
#24 C:\\xampp\\htdocs\\LaravelLuminaries-StaySwift-Hotel-Reservation-Application\\vendor\\laravel\\framework\\src\\Illuminate\\Foundation\\Http\\Kernel.php(200): Illuminate\\Routing\\Router->dispatch(Object(Illuminate\\Http\\Request))
#25 C:\\xampp\\htdocs\\LaravelLuminaries-StaySwift-Hotel-Reservation-Application\\vendor\\laravel\\framework\\src\\Illuminate\\Pipeline\\Pipeline.php(144): Illuminate\\Foundation\\Http\\Kernel->Illuminate\\Foundation\\Http\\{closure}(Object(Illuminate\\Http\\Request))
#26 C:\\xampp\\htdocs\\LaravelLuminaries-StaySwift-Hotel-Reservation-Application\\vendor\\laravel\\framework\\src\\Illuminate\\Foundation\\Http\\Middleware\\TransformsRequest.php(21): Illuminate\\Pipeline\\Pipeline->Illuminate\\Pipeline\\{closure}(Object(Illuminate\\Http\\Request))
#27 C:\\xampp\\htdocs\\LaravelLuminaries-StaySwift-Hotel-Reservation-Application\\vendor\\laravel\\framework\\src\\Illuminate\\Foundation\\Http\\Middleware\\ConvertEmptyStringsToNull.php(31): Illuminate\\Foundation\\Http\\Middleware\\TransformsRequest->handle(Object(Illuminate\\Http\\Request), Object(Closure))
#28 C:\\xampp\\htdocs\\LaravelLuminaries-StaySwift-Hotel-Reservation-Application\\vendor\\laravel\\framework\\src\\Illuminate\\Pipeline\\Pipeline.php(183): Illuminate\\Foundation\\Http\\Middleware\\ConvertEmptyStringsToNull->handle(Object(Illuminate\\Http\\Request), Object(Closure))
#29 C:\\xampp\\htdocs\\LaravelLuminaries-StaySwift-Hotel-Reservation-Application\\vendor\\laravel\\framework\\src\\Illuminate\\Foundation\\Http\\Middleware\\TransformsRequest.php(21): Illuminate\\Pipeline\\Pipeline->Illuminate\\Pipeline\\{closure}(Object(Illuminate\\Http\\Request))
#30 C:\\xampp\\htdocs\\LaravelLuminaries-StaySwift-Hotel-Reservation-Application\\vendor\\laravel\\framework\\src\\Illuminate\\Foundation\\Http\\Middleware\\TrimStrings.php(40): Illuminate\\Foundation\\Http\\Middleware\\TransformsRequest->handle(Object(Illuminate\\Http\\Request), Object(Closure))
#31 C:\\xampp\\htdocs\\LaravelLuminaries-StaySwift-Hotel-Reservation-Application\\vendor\\laravel\\framework\\src\\Illuminate\\Pipeline\\Pipeline.php(183): Illuminate\\Foundation\\Http\\Middleware\\TrimStrings->handle(Object(Illuminate\\Http\\Request), Object(Closure))
#32 C:\\xampp\\htdocs\\LaravelLuminaries-StaySwift-Hotel-Reservation-Application\\vendor\\laravel\\framework\\src\\Illuminate\\Foundation\\Http\\Middleware\\ValidatePostSize.php(27): Illuminate\\Pipeline\\Pipeline->Illuminate\\Pipeline\\{closure}(Object(Illuminate\\Http\\Request))
#33 C:\\xampp\\htdocs\\LaravelLuminaries-StaySwift-Hotel-Reservation-Application\\vendor\\laravel\\framework\\src\\Illuminate\\Pipeline\\Pipeline.php(183): Illuminate\\Foundation\\Http\\Middleware\\ValidatePostSize->handle(Object(Illuminate\\Http\\Request), Object(Closure))
#34 C:\\xampp\\htdocs\\LaravelLuminaries-StaySwift-Hotel-Reservation-Application\\vendor\\laravel\\framework\\src\\Illuminate\\Foundation\\Http\\Middleware\\PreventRequestsDuringMaintenance.php(99): Illuminate\\Pipeline\\Pipeline->Illuminate\\Pipeline\\{closure}(Object(Illuminate\\Http\\Request))
#35 C:\\xampp\\htdocs\\LaravelLuminaries-StaySwift-Hotel-Reservation-Application\\vendor\\laravel\\framework\\src\\Illuminate\\Pipeline\\Pipeline.php(183): Illuminate\\Foundation\\Http\\Middleware\\PreventRequestsDuringMaintenance->handle(Object(Illuminate\\Http\\Request), Object(Closure))
#36 C:\\xampp\\htdocs\\LaravelLuminaries-StaySwift-Hotel-Reservation-Application\\vendor\\laravel\\framework\\src\\Illuminate\\Http\\Middleware\\HandleCors.php(49): Illuminate\\Pipeline\\Pipeline->Illuminate\\Pipeline\\{closure}(Object(Illuminate\\Http\\Request))
#37 C:\\xampp\\htdocs\\LaravelLuminaries-StaySwift-Hotel-Reservation-Application\\vendor\\laravel\\framework\\src\\Illuminate\\Pipeline\\Pipeline.php(183): Illuminate\\Http\\Middleware\\HandleCors->handle(Object(Illuminate\\Http\\Request), Object(Closure))
#38 C:\\xampp\\htdocs\\LaravelLuminaries-StaySwift-Hotel-Reservation-Application\\vendor\\laravel\\framework\\src\\Illuminate\\Http\\Middleware\\TrustProxies.php(39): Illuminate\\Pipeline\\Pipeline->Illuminate\\Pipeline\\{closure}(Object(Illuminate\\Http\\Request))
#39 C:\\xampp\\htdocs\\LaravelLuminaries-StaySwift-Hotel-Reservation-Application\\vendor\\laravel\\framework\\src\\Illuminate\\Pipeline\\Pipeline.php(183): Illuminate\\Http\\Middleware\\TrustProxies->handle(Object(Illuminate\\Http\\Request), Object(Closure))
#40 C:\\xampp\\htdocs\\LaravelLuminaries-StaySwift-Hotel-Reservation-Application\\vendor\\laravel\\framework\\src\\Illuminate\\Pipeline\\Pipeline.php(119): Illuminate\\Pipeline\\Pipeline->Illuminate\\Pipeline\\{closure}(Object(Illuminate\\Http\\Request))
#41 C:\\xampp\\htdocs\\LaravelLuminaries-StaySwift-Hotel-Reservation-Application\\vendor\\laravel\\framework\\src\\Illuminate\\Foundation\\Http\\Kernel.php(175): Illuminate\\Pipeline\\Pipeline->then(Object(Closure))
#42 C:\\xampp\\htdocs\\LaravelLuminaries-StaySwift-Hotel-Reservation-Application\\vendor\\laravel\\framework\\src\\Illuminate\\Foundation\\Http\\Kernel.php(144): Illuminate\\Foundation\\Http\\Kernel->sendRequestThroughRouter(Object(Illuminate\\Http\\Request))
#43 C:\\xampp\\htdocs\\LaravelLuminaries-StaySwift-Hotel-Reservation-Application\\public\\index.php(51): Illuminate\\Foundation\\Http\\Kernel->handle(Object(Illuminate\\Http\\Request))
#44 C:\\xampp\\htdocs\\LaravelLuminaries-StaySwift-Hotel-Reservation-Application\\vendor\\laravel\\framework\\src\\Illuminate\\Foundation\\resources\\server.php(16): require_once('C:\\\\xampp\\\\htdocs...')
#45 {main}
"} 
[2026-06-12 01:31:52] local.ERROR: Method App\Http\Controllers\Admin::getBackOutContentForAdmin does not exist. {"exception":"[object] (BadMethodCallException(code: 0): Method App\\Http\\Controllers\\Admin::getBackOutContentForAdmin does not exist. at C:\\xampp\\htdocs\\LaravelLuminaries-StaySwift-Hotel-Reservation-Application\\vendor\\laravel\\framework\\src\\Illuminate\\Routing\\Controller.php:68)
[stacktrace]
#0 C:\\xampp\\htdocs\\LaravelLuminaries-StaySwift-Hotel-Reservation-Application\\vendor\\laravel\\framework\\src\\Illuminate\\Routing\\Controller.php(54): Illuminate\\Routing\\Controller->__call('getBackOutConte...', Array)
#1 C:\\xampp\\htdocs\\LaravelLuminaries-StaySwift-Hotel-Reservation-Application\\vendor\\laravel\\framework\\src\\Illuminate\\Routing\\ControllerDispatcher.php(43): Illuminate\\Routing\\Controller->callAction('getBackOutConte...', Array)
#2 C:\\xampp\\htdocs\\LaravelLuminaries-StaySwift-Hotel-Reservation-Application\\vendor\\laravel\\framework\\src\\Illuminate\\Routing\\Route.php(259): Illuminate\\Routing\\ControllerDispatcher->dispatch(Object(Illuminate\\Routing\\Route), Object(App\\Http\\Controllers\\Admin), 'getBackOutConte...')
#3 C:\\xampp\\htdocs\\LaravelLuminaries-StaySwift-Hotel-Reservation-Application\\vendor\\laravel\\framework\\src\\Illuminate\\Routing\\Route.php(205): Illuminate\\Routing\\Route->runController()
#4 C:\\xampp\\htdocs\\LaravelLuminaries-StaySwift-Hotel-Reservation-Application\\vendor\\laravel\\framework\\src\\Illuminate\\Routing\\Router.php(806): Illuminate\\Routing\\Route->run()
#5 C:\\xampp\\htdocs\\LaravelLuminaries-StaySwift-Hotel-Reservation-Application\\vendor\\laravel\\framework\\src\\Illuminate\\Pipeline\\Pipeline.php(144): Illuminate\\Routing\\Router->Illuminate\\Routing\\{closure}(Object(Illuminate\\Http\\Request))
#6 C:\\xampp\\htdocs\\LaravelLuminaries-StaySwift-Hotel-Reservation-Application\\vendor\\laravel\\framework\\src\\Illuminate\\Routing\\Middleware\\SubstituteBindings.php(50): Illuminate\\Pipeline\\Pipeline->Illuminate\\Pipeline\\{closure}(Object(Illuminate\\Http\\Request))
#7 C:\\xampp\\htdocs\\LaravelLuminaries-StaySwift-Hotel-Reservation-Application\\vendor\\laravel\\framework\\src\\Illuminate\\Pipeline\\Pipeline.php(183): Illuminate\\Routing\\Middleware\\SubstituteBindings->handle(Object(Illuminate\\Http\\Request), Object(Closure))
#8 C:\\xampp\\htdocs\\LaravelLuminaries-StaySwift-Hotel-Reservation-Application\\vendor\\laravel\\framework\\src\\Illuminate\\Foundation\\Http\\Middleware\\VerifyCsrfToken.php(78): Illuminate\\Pipeline\\Pipeline->Illuminate\\Pipeline\\{closure}(Object(Illuminate\\Http\\Request))
#9 C:\\xampp\\htdocs\\LaravelLuminaries-StaySwift-Hotel-Reservation-Application\\vendor\\laravel\\framework\\src\\Illuminate\\Pipeline\\Pipeline.php(183): Illuminate\\Foundation\\Http\\Middleware\\VerifyCsrfToken->handle(Object(Illuminate\\Http\\Request), Object(Closure))
#10 C:\\xampp\\htdocs\\LaravelLuminaries-StaySwift-Hotel-Reservation-Application\\vendor\\laravel\\framework\\src\\Illuminate\\View\\Middleware\\ShareErrorsFromSession.php(49): Illuminate\\Pipeline\\Pipeline->Illuminate\\Pipeline\\{closure}(Object(Illuminate\\Http\\Request))
#11 C:\\xampp\\htdocs\\LaravelLuminaries-StaySwift-Hotel-Reservation-Application\\vendor\\laravel\\framework\\src\\Illuminate\\Pipeline\\Pipeline.php(183): Illuminate\\View\\Middleware\\ShareErrorsFromSession->handle(Object(Illuminate\\Http\\Request), Object(Closure))
#12 C:\\xampp\\htdocs\\LaravelLuminaries-StaySwift-Hotel-Reservation-Application\\vendor\\laravel\\framework\\src\\Illuminate\\Session\\Middleware\\StartSession.php(121): Illuminate\\Pipeline\\Pipeline->Illuminate\\Pipeline\\{closure}(Object(Illuminate\\Http\\Request))
#13 C:\\xampp\\htdocs\\LaravelLuminaries-StaySwift-Hotel-Reservation-Application\\vendor\\laravel\\framework\\src\\Illuminate\\Session\\Middleware\\StartSession.php(64): Illuminate\\Session\\Middleware\\StartSession->handleStatefulRequest(Object(Illuminate\\Http\\Request), Object(Illuminate\\Session\\Store), Object(Closure))
#14 C:\\xampp\\htdocs\\LaravelLuminaries-StaySwift-Hotel-Reservation-Application\\vendor\\laravel\\framework\\src\\Illuminate\\Pipeline\\Pipeline.php(183): Illuminate\\Session\\Middleware\\StartSession->handle(Object(Illuminate\\Http\\Request), Object(Closure))
#15 C:\\xampp\\htdocs\\LaravelLuminaries-StaySwift-Hotel-Reservation-Application\\vendor\\laravel\\framework\\src\\Illuminate\\Cookie\\Middleware\\AddQueuedCookiesToResponse.php(37): Illuminate\\Pipeline\\Pipeline->Illuminate\\Pipeline\\{closure}(Object(Illuminate\\Http\\Request))
#16 C:\\xampp\\htdocs\\LaravelLuminaries-StaySwift-Hotel-Reservation-Application\\vendor\\laravel\\framework\\src\\Illuminate\\Pipeline\\Pipeline.php(183): Illuminate\\Cookie\\Middleware\\AddQueuedCookiesToResponse->handle(Object(Illuminate\\Http\\Request), Object(Closure))
#17 C:\\xampp\\htdocs\\LaravelLuminaries-StaySwift-Hotel-Reservation-Application\\vendor\\laravel\\framework\\src\\Illuminate\\Cookie\\Middleware\\EncryptCookies.php(67): Illuminate\\Pipeline\\Pipeline->Illuminate\\Pipeline\\{closure}(Object(Illuminate\\Http\\Request))
#18 C:\\xampp\\htdocs\\LaravelLuminaries-StaySwift-Hotel-Reservation-Application\\vendor\\laravel\\framework\\src\\Illuminate\\Pipeline\\Pipeline.php(183): Illuminate\\Cookie\\Middleware\\EncryptCookies->handle(Object(Illuminate\\Http\\Request), Object(Closure))
#19 C:\\xampp\\htdocs\\LaravelLuminaries-StaySwift-Hotel-Reservation-Application\\vendor\\laravel\\framework\\src\\Illuminate\\Pipeline\\Pipeline.php(119): Illuminate\\Pipeline\\Pipeline->Illuminate\\Pipeline\\{closure}(Object(Illuminate\\Http\\Request))
#20 C:\\xampp\\htdocs\\LaravelLuminaries-StaySwift-Hotel-Reservation-Application\\vendor\\laravel\\framework\\src\\Illuminate\\Routing\\Router.php(805): Illuminate\\Pipeline\\Pipeline->then(Object(Closure))
#21 C:\\xampp\\htdocs\\LaravelLuminaries-StaySwift-Hotel-Reservation-Application\\vendor\\laravel\\framework\\src\\Illuminate\\Routing\\Router.php(784): Illuminate\\Routing\\Router->runRouteWithinStack(Object(Illuminate\\Routing\\Route), Object(Illuminate\\Http\\Request))
#22 C:\\xampp\\htdocs\\LaravelLuminaries-StaySwift-Hotel-Reservation-Application\\vendor\\laravel\\framework\\src\\Illuminate\\Routing\\Router.php(748): Illuminate\\Routing\\Router->runRoute(Object(Illuminate\\Http\\Request), Object(Illuminate\\Routing\\Route))
#23 C:\\xampp\\htdocs\\LaravelLuminaries-StaySwift-Hotel-Reservation-Application\\vendor\\laravel\\framework\\src\\Illuminate\\Routing\\Router.php(737): Illuminate\\Routing\\Router->dispatchToRoute(Object(Illuminate\\Http\\Request))
#24 C:\\xampp\\htdocs\\LaravelLuminaries-StaySwift-Hotel-Reservation-Application\\vendor\\laravel\\framework\\src\\Illuminate\\Foundation\\Http\\Kernel.php(200): Illuminate\\Routing\\Router->dispatch(Object(Illuminate\\Http\\Request))
#25 C:\\xampp\\htdocs\\LaravelLuminaries-StaySwift-Hotel-Reservation-Application\\vendor\\laravel\\framework\\src\\Illuminate\\Pipeline\\Pipeline.php(144): Illuminate\\Foundation\\Http\\Kernel->Illuminate\\Foundation\\Http\\{closure}(Object(Illuminate\\Http\\Request))
#26 C:\\xampp\\htdocs\\LaravelLuminaries-StaySwift-Hotel-Reservation-Application\\vendor\\laravel\\framework\\src\\Illuminate\\Foundation\\Http\\Middleware\\TransformsRequest.php(21): Illuminate\\Pipeline\\Pipeline->Illuminate\\Pipeline\\{closure}(Object(Illuminate\\Http\\Request))
#27 C:\\xampp\\htdocs\\LaravelLuminaries-StaySwift-Hotel-Reservation-Application\\vendor\\laravel\\framework\\src\\Illuminate\\Foundation\\Http\\Middleware\\ConvertEmptyStringsToNull.php(31): Illuminate\\Foundation\\Http\\Middleware\\TransformsRequest->handle(Object(Illuminate\\Http\\Request), Object(Closure))
#28 C:\\xampp\\htdocs\\LaravelLuminaries-StaySwift-Hotel-Reservation-Application\\vendor\\laravel\\framework\\src\\Illuminate\\Pipeline\\Pipeline.php(183): Illuminate\\Foundation\\Http\\Middleware\\ConvertEmptyStringsToNull->handle(Object(Illuminate\\Http\\Request), Object(Closure))
#29 C:\\xampp\\htdocs\\LaravelLuminaries-StaySwift-Hotel-Reservation-Application\\vendor\\laravel\\framework\\src\\Illuminate\\Foundation\\Http\\Middleware\\TransformsRequest.php(21): Illuminate\\Pipeline\\Pipeline->Illuminate\\Pipeline\\{closure}(Object(Illuminate\\Http\\Request))
#30 C:\\xampp\\htdocs\\LaravelLuminaries-StaySwift-Hotel-Reservation-Application\\vendor\\laravel\\framework\\src\\Illuminate\\Foundation\\Http\\Middleware\\TrimStrings.php(40): Illuminate\\Foundation\\Http\\Middleware\\TransformsRequest->handle(Object(Illuminate\\Http\\Request), Object(Closure))
#31 C:\\xampp\\htdocs\\LaravelLuminaries-StaySwift-Hotel-Reservation-Application\\vendor\\laravel\\framework\\src\\Illuminate\\Pipeline\\Pipeline.php(183): Illuminate\\Foundation\\Http\\Middleware\\TrimStrings->handle(Object(Illuminate\\Http\\Request), Object(Closure))
#32 C:\\xampp\\htdocs\\LaravelLuminaries-StaySwift-Hotel-Reservation-Application\\vendor\\laravel\\framework\\src\\Illuminate\\Foundation\\Http\\Middleware\\ValidatePostSize.php(27): Illuminate\\Pipeline\\Pipeline->Illuminate\\Pipeline\\{closure}(Object(Illuminate\\Http\\Request))
#33 C:\\xampp\\htdocs\\LaravelLuminaries-StaySwift-Hotel-Reservation-Application\\vendor\\laravel\\framework\\src\\Illuminate\\Pipeline\\Pipeline.php(183): Illuminate\\Foundation\\Http\\Middleware\\ValidatePostSize->handle(Object(Illuminate\\Http\\Request), Object(Closure))
#34 C:\\xampp\\htdocs\\LaravelLuminaries-StaySwift-Hotel-Reservation-Application\\vendor\\laravel\\framework\\src\\Illuminate\\Foundation\\Http\\Middleware\\PreventRequestsDuringMaintenance.php(99): Illuminate\\Pipeline\\Pipeline->Illuminate\\Pipeline\\{closure}(Object(Illuminate\\Http\\Request))
#35 C:\\xampp\\htdocs\\LaravelLuminaries-StaySwift-Hotel-Reservation-Application\\vendor\\laravel\\framework\\src\\Illuminate\\Pipeline\\Pipeline.php(183): Illuminate\\Foundation\\Http\\Middleware\\PreventRequestsDuringMaintenance->handle(Object(Illuminate\\Http\\Request), Object(Closure))
#36 C:\\xampp\\htdocs\\LaravelLuminaries-StaySwift-Hotel-Reservation-Application\\vendor\\laravel\\framework\\src\\Illuminate\\Http\\Middleware\\HandleCors.php(49): Illuminate\\Pipeline\\Pipeline->Illuminate\\Pipeline\\{closure}(Object(Illuminate\\Http\\Request))
#37 C:\\xampp\\htdocs\\LaravelLuminaries-StaySwift-Hotel-Reservation-Application\\vendor\\laravel\\framework\\src\\Illuminate\\Pipeline\\Pipeline.php(183): Illuminate\\Http\\Middleware\\HandleCors->handle(Object(Illuminate\\Http\\Request), Object(Closure))
#38 C:\\xampp\\htdocs\\LaravelLuminaries-StaySwift-Hotel-Reservation-Application\\vendor\\laravel\\framework\\src\\Illuminate\\Http\\Middleware\\TrustProxies.php(39): Illuminate\\Pipeline\\Pipeline->Illuminate\\Pipeline\\{closure}(Object(Illuminate\\Http\\Request))
#39 C:\\xampp\\htdocs\\LaravelLuminaries-StaySwift-Hotel-Reservation-Application\\vendor\\laravel\\framework\\src\\Illuminate\\Pipeline\\Pipeline.php(183): Illuminate\\Http\\Middleware\\TrustProxies->handle(Object(Illuminate\\Http\\Request), Object(Closure))
#40 C:\\xampp\\htdocs\\LaravelLuminaries-StaySwift-Hotel-Reservation-Application\\vendor\\laravel\\framework\\src\\Illuminate\\Pipeline\\Pipeline.php(119): Illuminate\\Pipeline\\Pipeline->Illuminate\\Pipeline\\{closure}(Object(Illuminate\\Http\\Request))
#41 C:\\xampp\\htdocs\\LaravelLuminaries-StaySwift-Hotel-Reservation-Application\\vendor\\laravel\\framework\\src\\Illuminate\\Foundation\\Http\\Kernel.php(175): Illuminate\\Pipeline\\Pipeline->then(Object(Closure))
#42 C:\\xampp\\htdocs\\LaravelLuminaries-StaySwift-Hotel-Reservation-Application\\vendor\\laravel\\framework\\src\\Illuminate\\Foundation\\Http\\Kernel.php(144): Illuminate\\Foundation\\Http\\Kernel->sendRequestThroughRouter(Object(Illuminate\\Http\\Request))
#43 C:\\xampp\\htdocs\\LaravelLuminaries-StaySwift-Hotel-Reservation-Application\\public\\index.php(51): Illuminate\\Foundation\\Http\\Kernel->handle(Object(Illuminate\\Http\\Request))
#44 C:\\xampp\\htdocs\\LaravelLuminaries-StaySwift-Hotel-Reservation-Application\\vendor\\laravel\\framework\\src\\Illuminate\\Foundation\\resources\\server.php(16): require_once('C:\\\\xampp\\\\htdocs...')
#45 {main}
"} 
